date,price,index,index_adjusted,index_shares,refactor
2022-12-29,25.431695410292075,1,0.8812547733551174,"[SONY,7832.TSE,4816.TSE,6460.TSE,9468.TSE,9404.TSE]","null"
2022-12-30,25.680555958055287,1.009785448580927,0.8898782466264804,"[SONY,7832.TSE,4816.TSE,6460.TSE,9468.TSE,9404.TSE]","null"
2022-12-31,25.680555958055287,1.009785448580927,0.8898782466264804,"[SONY,7832.TSE,4816.TSE,6460.TSE,9468.TSE,9404.TSE]","null"
2023-01-01,25.680555958055287,1.009785448580927,0.8898782466264804,"[SONY,7832.TSE,4816.TSE,6460.TSE,9468.TSE,9404.TSE]","null"
2023-01-02,25.733024283911426,1.0118485562506936,0.8916963701084076,"[SONY,7832.TSE,4816.TSE,6460.TSE,9468.TSE,9404.TSE]","null"
2023-01-03,25.73271285730642,1.011836310641426,0.891685578606788,"[SONY,7832.TSE,4816.TSE,6460.TSE,9468.TSE,9404.TSE]","null"
2023-01-04,25.073507125084827,0.9859156741448589,0.8688428939657854,"[SONY,7832.TSE,4816.TSE,6460.TSE,9468.TSE,9404.TSE]","null"
2023-01-05,25.02645508039429,0.9840655401317134,0.8672124545353543,"[SONY,7832.TSE,4816.TSE,6460.TSE,9468.TSE,9404.TSE]","null"
2023-01-06,25.804916341749635,1.0146754247185,0.8941875614393091,"[SONY,7832.TSE,4816.TSE,6460.TSE,9468.TSE,9404.TSE]","null"
2023-01-07,25.804916341749635,1.0146754247185,0.8941875614393091,"[SONY,7832.TSE,4816.TSE,6460.TSE,9468.TSE,9404.TSE]","null"
2023-01-08,25.804916341749635,1.0146754247185,0.8941875614393091,"[SONY,7832.TSE,4816.TSE,6460.TSE,9468.TSE,9404.TSE]","null"
2023-01-09,25.954706221329197,1.0205653143685207,0.8993780548079248,"[SONY,7832.TSE,4816.TSE,6460.TSE,9468.TSE,9404.TSE]","null"
2023-01-10,25.768992023589007,1.013262844173591,0.8929427180913595,"[SONY,7832.TSE,4816.TSE,6460.TSE,9468.TSE,9404.TSE]","null"
2023-01-11,25.905586428140104,1.0186338743918837,0.8976759641090646,"[SONY,7832.TSE,4816.TSE,6460.TSE,9468.TSE,9404.TSE]","null"
2023-01-12,26.42554528571981,1.039079182861931,0.9156934897910115,"[SONY,7832.TSE,4816.TSE,6460.TSE,9468.TSE,9404.TSE]","null"
2023-01-13,26.076067125376284,1.025337347930938,0.9035834321634159,"[SONY,7832.TSE,4816.TSE,6460.TSE,9468.TSE,9404.TSE]","null"
2023-01-14,26.076067125376284,1.025337347930938,0.9035834321634159,"[SONY,7832.TSE,4816.TSE,6460.TSE,9468.TSE,9404.TSE]","null"
2023-01-15,26.076067125376284,1.025337347930938,0.9035834321634159,"[SONY,7832.TSE,4816.TSE,6460.TSE,9468.TSE,9404.TSE]","null"
2023-01-16,25.423760219361363,0.9996879802623186,0.8809798044719046,"[SONY,7832.TSE,4816.TSE,6460.TSE,9468.TSE,9404.TSE]","null"
2023-01-17,25.622350333632493,1.0074967445254657,0.8878613152528079,"[SONY,7832.TSE,4816.TSE,6460.TSE,9468.TSE,9404.TSE]","null"
2023-01-18,25.866726017300905,1.0171058437115748,0.8963293797782093,"[SONY,7832.TSE,4816.TSE,6460.TSE,9468.TSE,9404.TSE]","null"
2023-01-19,26.396407715965278,1.03793346413243,0.9146838196917165,"[SONY,7832.TSE,4816.TSE,6460.TSE,9468.TSE,9404.TSE]","null"
2023-01-20,26.67158880271637,1.0487538629423234,0.9242193477925411,"[SONY,7832.TSE,4816.TSE,6460.TSE,9468.TSE,9404.TSE]","null"
2023-01-21,26.67158880271637,1.0487538629423234,0.9242193477925411,"[SONY,7832.TSE,4816.TSE,6460.TSE,9468.TSE,9404.TSE]","null"
2023-01-22,26.67158880271637,1.0487538629423234,0.9242193477925411,"[SONY,7832.TSE,4816.TSE,6460.TSE,9468.TSE,9404.TSE]","null"
2023-01-23,26.88402735794911,1.0571071619184806,0.9315807323885421,"[SONY,7832.TSE,4816.TSE,6460.TSE,9468.TSE,9404.TSE]","null"
2023-01-24,26.938809626243618,1.0592612561465966,0.9334790382093259,"[SONY,7832.TSE,4816.TSE,6460.TSE,9468.TSE,9404.TSE]","null"
2023-01-25,27.408884876543212,1.0777450906969803,0.9497680056367578,"[SONY,7832.TSE,4816.TSE,6460.TSE,9468.TSE,9404.TSE]","null"
2023-01-26,27.27624737953542,1.0725296500876171,0.9451718737046064,"[SONY,7832.TSE,4816.TSE,6460.TSE,9468.TSE,9404.TSE]","null"
2023-01-27,27.766830670311478,1.091819881543343,0.96217148225409,"[SONY,7832.TSE,4816.TSE,6460.TSE,9468.TSE,9404.TSE]","null"
2023-01-28,27.766830670311478,1.091819881543343,0.96217148225409,"[SONY,7832.TSE,4816.TSE,6460.TSE,9468.TSE,9404.TSE]","null"
2023-01-29,27.766830670311478,1.091819881543343,0.96217148225409,"[SONY,7832.TSE,4816.TSE,6460.TSE,9468.TSE,9404.TSE]","null"
2023-01-30,27.623235722499043,1.0861735828795773,0.9571956546048576,"[SONY,7832.TSE,4816.TSE,6460.TSE,9468.TSE,9404.TSE]","null"
2023-01-31,26.972569309403948,1.0605887210527178,0.9346488729943067,"[SONY,7832.TSE,4816.TSE,6460.TSE,9468.TSE,9404.TSE]","null"
2023-02-01,27.07229489317151,1.0645100319271477,0.9381045469202072,"[SONY,7832.TSE,4816.TSE,6460.TSE,9468.TSE,9404.TSE]","null"
2023-02-02,27.476683247192327,1.0804109912417659,0.95211734321714,"[SONY,7832.TSE,4816.TSE,6460.TSE,9468.TSE,9404.TSE]","null"
2023-02-03,26.882254869078015,1.0570374658623392,0.9315193124063832,"[SONY,7832.TSE,4816.TSE,6460.TSE,9468.TSE,9404.TSE]","null"
2023-02-04,26.882254869078015,1.0570374658623392,0.9315193124063832,"[SONY,7832.TSE,4816.TSE,6460.TSE,9468.TSE,9404.TSE]","null"
2023-02-05,26.882254869078015,1.0570374658623392,0.9315193124063832,"[SONY,7832.TSE,4816.TSE,6460.TSE,9468.TSE,9404.TSE]","null"
2023-02-06,26.380352542117368,1.0373021584491522,0.9141274785448817,"[SONY,7832.TSE,4816.TSE,6460.TSE,9468.TSE,9404.TSE]","null"
2023-02-07,26.958856025636138,1.0600495008573447,0.9341736826232445,"[SONY,7832.TSE,4816.TSE,6460.TSE,9468.TSE,9404.TSE]","null"
2023-02-08,27.060629295581688,1.0640513288245184,0.9377003126214624,"[SONY,7832.TSE,4816.TSE,6460.TSE,9468.TSE,9404.TSE]","null"
2023-02-09,27.464916207486223,1.0799482993324665,0.9517095937634773,"[SONY,7832.TSE,4816.TSE,6460.TSE,9468.TSE,9404.TSE]","null"
2023-02-10,27.311967890431806,1.0739342167246464,0.9464096547579838,"[SONY,7832.TSE,4816.TSE,6460.TSE,9468.TSE,9404.TSE]","null"
2023-02-11,27.311967890431806,1.0739342167246464,0.9464096547579838,"[SONY,7832.TSE,4816.TSE,6460.TSE,9468.TSE,9404.TSE]","null"
2023-02-12,27.311967890431806,1.0739342167246464,0.9464096547579838,"[SONY,7832.TSE,4816.TSE,6460.TSE,9468.TSE,9404.TSE]","null"
2023-02-13,26.984073858701812,1.061041091573529,0.9350475266750967,"[SONY,7832.TSE,4816.TSE,6460.TSE,9468.TSE,9404.TSE]","null"
2023-02-14,27.114579949667583,1.0661727231403713,0.9395698014884761,"[SONY,7832.TSE,4816.TSE,6460.TSE,9468.TSE,9404.TSE]","null"
2023-02-15,26.875120074557316,1.0567569185214878,0.9312720787231059,"[SONY,7832.TSE,4816.TSE,6460.TSE,9468.TSE,9404.TSE]","null"
2023-02-16,27.053202583149808,1.063759302975983,0.9374429634484976,"[SONY,7832.TSE,4816.TSE,6460.TSE,9468.TSE,9404.TSE]","null"
2023-02-17,26.694176126411513,1.0496420193680251,0.9250020398821768,"[SONY,7832.TSE,4816.TSE,6460.TSE,9468.TSE,9404.TSE]","null"
2023-02-18,26.694176126411513,1.0496420193680251,0.9250020398821768,"[SONY,7832.TSE,4816.TSE,6460.TSE,9468.TSE,9404.TSE]","null"
2023-02-19,26.694176126411513,1.0496420193680251,0.9250020398821768,"[SONY,7832.TSE,4816.TSE,6460.TSE,9468.TSE,9404.TSE]","null"
2023-02-20,26.45247774425448,1.0401381943867296,0.9166267487522785,"[SONY,7832.TSE,4816.TSE,6460.TSE,9468.TSE,9404.TSE]","null"
2023-02-21,26.2538513388393,1.0323280031190725,0.9097439804168391,"[SONY,7832.TSE,4816.TSE,6460.TSE,9468.TSE,9404.TSE]","null"
2023-02-22,26.080722677241226,1.0255204089416112,0.9037447555528869,"[SONY,7832.TSE,4816.TSE,6460.TSE,9468.TSE,9404.TSE]","null"
2023-02-23,26.12653459026129,1.0273217797224803,0.9053322221521102,"[SONY,7832.TSE,4816.TSE,6460.TSE,9468.TSE,9404.TSE]","null"
2023-02-24,26.25172672650669,1.0322444612120807,0.9096703587125274,"[SONY,7832.TSE,4816.TSE,6460.TSE,9468.TSE,9404.TSE]","null"
2023-02-25,26.25172672650669,1.0322444612120807,0.9096703587125274,"[SONY,7832.TSE,4816.TSE,6460.TSE,9468.TSE,9404.TSE]","null"
2023-02-26,26.25172672650669,1.0322444612120807,0.9096703587125274,"[SONY,7832.TSE,4816.TSE,6460.TSE,9468.TSE,9404.TSE]","null"
2023-02-27,26.282731914112684,1.0334636165655002,0.91074474518719,"[SONY,7832.TSE,4816.TSE,6460.TSE,9468.TSE,9404.TSE]","null"
2023-02-28,26.749454485391286,1.0518156203839215,0.9269175361528048,"[SONY,7832.TSE,4816.TSE,6460.TSE,9468.TSE,9404.TSE]","null"
2023-03-01,26.74894367955355,1.0517955349814543,0.9268998357960059,"[SONY,7832.TSE,4816.TSE,6460.TSE,9468.TSE,9404.TSE]","null"
2023-03-02,26.576633887771887,1.0450201395938574,0.920928986269318,"[SONY,7832.TSE,4816.TSE,6460.TSE,9468.TSE,9404.TSE]","null"
2023-03-03,26.98985413063478,1.0612683777154757,0.9352478236726046,"[SONY,7832.TSE,4816.TSE,6460.TSE,9468.TSE,9404.TSE]","null"
2023-03-04,26.98985413063478,1.0612683777154757,0.9352478236726046,"[SONY,7832.TSE,4816.TSE,6460.TSE,9468.TSE,9404.TSE]","null"
2023-03-05,26.98985413063478,1.0612683777154757,0.9352478236726046,"[SONY,7832.TSE,4816.TSE,6460.TSE,9468.TSE,9404.TSE]","null"
2023-03-06,27.075727433237695,1.0646450028762253,0.9382234907133463,"[SONY,7832.TSE,4816.TSE,6460.TSE,9468.TSE,9404.TSE]","null"
2023-03-07,27.017943130035366,1.062372865597523,0.9362211588907717,"[SONY,7832.TSE,4816.TSE,6460.TSE,9468.TSE,9404.TSE]","null"
2023-03-08,26.908318299297445,1.05806230631434,0.9324224579466364,"[SONY,7832.TSE,4816.TSE,6460.TSE,9468.TSE,9404.TSE]","null"
2023-03-09,27.180574733749545,1.0687677048361355,0.9418566414946377,"[SONY,7832.TSE,4816.TSE,6460.TSE,9468.TSE,9404.TSE]","null"
2023-03-10,27.006979221452642,1.061941753616751,0.9358412393998657,"[SONY,7832.TSE,4816.TSE,6460.TSE,9468.TSE,9404.TSE]","null"
2023-03-11,27.006979221452642,1.061941753616751,0.9358412393998657,"[SONY,7832.TSE,4816.TSE,6460.TSE,9468.TSE,9404.TSE]","null"
2023-03-12,27.006979221452642,1.061941753616751,0.9358412393998657,"[SONY,7832.TSE,4816.TSE,6460.TSE,9468.TSE,9404.TSE]","null"
2023-03-13,27.131395292969483,1.0668339194558594,0.9401524838976248,"[SONY,7832.TSE,4816.TSE,6460.TSE,9468.TSE,9404.TSE]","null"
2023-03-14,26.6331313093686,1.0472416753855234,0.9228867252899029,"[SONY,7832.TSE,4816.TSE,6460.TSE,9468.TSE,9404.TSE]","null"
2023-03-15,26.443382902971933,1.0397805760236667,0.9163115958627898,"[SONY,7832.TSE,4816.TSE,6460.TSE,9468.TSE,9404.TSE]","null"
2023-03-16,26.52898796216681,1.0431466535821543,0.9192779677786904,"[SONY,7832.TSE,4816.TSE,6460.TSE,9468.TSE,9404.TSE]","null"
2023-03-17,26.765143117247657,1.0524325132651573,0.9274611759490429,"[SONY,7832.TSE,4816.TSE,6460.TSE,9468.TSE,9404.TSE]","null"
2023-03-18,26.765143117247657,1.0524325132651573,0.9274611759490429,"[SONY,7832.TSE,4816.TSE,6460.TSE,9468.TSE,9404.TSE]","null"
2023-03-19,26.765143117247657,1.0524325132651573,0.9274611759490429,"[SONY,7832.TSE,4816.TSE,6460.TSE,9468.TSE,9404.TSE]","null"
2023-03-20,26.816087572342376,1.054435700794452,0.9292264945211592,"[SONY,7832.TSE,4816.TSE,6460.TSE,9468.TSE,9404.TSE]","null"
2023-03-21,26.749000000000002,1.0517977495584043,0.926901787402514,"[SONY,7832.TSE,4816.TSE,6460.TSE,9468.TSE,9404.TSE]","null"
2023-03-22,26.89505808071203,1.057540901100433,0.9319629671130287,"[SONY,7832.TSE,4816.TSE,6460.TSE,9468.TSE,9404.TSE]","null"
2023-03-23,27.342055990827447,1.0751173112808774,0.9474522624829929,"[SONY,7832.TSE,4816.TSE,6460.TSE,9468.TSE,9404.TSE]","null"
2023-03-24,27.531074901495735,1.0825497261324564,0.9540021135485023,"[SONY,7832.TSE,4816.TSE,6460.TSE,9468.TSE,9404.TSE]","null"
2023-03-25,27.531074901495735,1.0825497261324564,0.9540021135485023,"[SONY,7832.TSE,4816.TSE,6460.TSE,9468.TSE,9404.TSE]","null"
2023-03-26,27.531074901495735,1.0825497261324564,0.9540021135485023,"[SONY,7832.TSE,4816.TSE,6460.TSE,9468.TSE,9404.TSE]","null"
2023-03-27,27.38257788925626,1.0767106733346088,0.9488564203985265,"[SONY,7832.TSE,4816.TSE,6460.TSE,9468.TSE,9404.TSE]","null"
2023-03-28,27.09653111747851,1.0654630247935686,0.9389443764327141,"[SONY,7832.TSE,4816.TSE,6460.TSE,9468.TSE,9404.TSE]","null"
2023-03-29,27.445637663706158,1.0791902474814576,0.9510415569513251,"[SONY,7832.TSE,4816.TSE,6460.TSE,9468.TSE,9404.TSE]","null"
2023-03-30,27.82226448305756,1.0939995951586472,0.9640923652821238,"[SONY,7832.TSE,4816.TSE,6460.TSE,9468.TSE,9404.TSE]","null"
2023-03-31,28.19183754376718,1.1085315819077515,0.9768987479711053,"[SONY,7832.TSE,4816.TSE,6460.TSE,9468.TSE,9404.TSE]","null"
2023-04-01,28.19183754376718,1.1085315819077515,0.9768987479711053,"[SONY,7832.TSE,4816.TSE,6460.TSE,9468.TSE,9404.TSE]","null"
2023-04-02,28.19183754376718,1.1085315819077515,0.9768987479711053,"[SONY,7832.TSE,4816.TSE,6460.TSE,9468.TSE,9404.TSE]","null"
2023-04-03,28.41053383174748,1.1171309412682682,0.9844769744553565,"[SONY,7832.TSE,4816.TSE,6460.TSE,9468.TSE,9404.TSE]","null"
2023-04-04,28.248555066246535,1.1107617722888616,0.9788641138899493,"[SONY,7832.TSE,4816.TSE,6460.TSE,9468.TSE,9404.TSE]","null"
2023-04-05,27.86352284495888,1.0956219157014069,0.9655220430043427,"[SONY,7832.TSE,4816.TSE,6460.TSE,9468.TSE,9404.TSE]","null"
2023-04-06,27.613141073800037,1.0857766510771099,0.9568458565592368,"[SONY,7832.TSE,4816.TSE,6460.TSE,9468.TSE,9404.TSE]","null"
2023-04-07,27.49919039691248,1.0812959951456362,0.9528972571318637,"[SONY,7832.TSE,4816.TSE,6460.TSE,9468.TSE,9404.TSE]","null"
2023-04-08,27.49919039691248,1.0812959951456362,0.9528972571318637,"[SONY,7832.TSE,4816.TSE,6460.TSE,9468.TSE,9404.TSE]","null"
2023-04-09,27.49919039691248,1.0812959951456362,0.9528972571318637,"[SONY,7832.TSE,4816.TSE,6460.TSE,9468.TSE,9404.TSE]","null"
2023-04-10,27.703996295326125,1.0893491703315408,0.9599941562051071,"[SONY,7832.TSE,4816.TSE,6460.TSE,9468.TSE,9404.TSE]","null"
2023-04-11,27.72077301462612,1.090008847912187,0.960575500221927,"[SONY,7832.TSE,4816.TSE,6460.TSE,9468.TSE,9404.TSE]","null"
2023-04-12,27.87235850828107,1.0959693429247848,0.9658282149033381,"[SONY,7832.TSE,4816.TSE,6460.TSE,9468.TSE,9404.TSE]","null"
2023-04-13,28.24062217612672,1.1104498430213932,0.9785892247340435,"[SONY,7832.TSE,4816.TSE,6460.TSE,9468.TSE,9404.TSE]","null"
2023-04-14,28.233968157865235,1.110188200289592,0.97835865082773,"[SONY,7832.TSE,4816.TSE,6460.TSE,9468.TSE,9404.TSE]","null"
2023-04-15,28.233968157865235,1.110188200289592,0.97835865082773,"[SONY,7832.TSE,4816.TSE,6460.TSE,9468.TSE,9404.TSE]","null"
2023-04-16,28.233968157865235,1.110188200289592,0.97835865082773,"[SONY,7832.TSE,4816.TSE,6460.TSE,9468.TSE,9404.TSE]","null"
2023-04-17,28.320470850684117,1.1135895737105663,0.9813561273909268,"[SONY,7832.TSE,4816.TSE,6460.TSE,9468.TSE,9404.TSE]","null"
2023-04-18,28.42527462530758,1.1177105641884977,0.9849877699205548,"[SONY,7832.TSE,4816.TSE,6460.TSE,9468.TSE,9404.TSE]","null"
2023-04-19,28.466522604112537,1.1193324764574006,0.9864170878494888,"[SONY,7832.TSE,4816.TSE,6460.TSE,9468.TSE,9404.TSE]","null"
2023-04-20,28.351897199046483,1.1148252895311344,0.9824451078563129,"[SONY,7832.TSE,4816.TSE,6460.TSE,9468.TSE,9404.TSE]","null"
2023-04-21,28.96530112175307,1.1389449525268756,1.0037006760030267,"[SONY,7832.TSE,4816.TSE,6460.TSE,9468.TSE,9404.TSE]","null"
2023-04-22,28.96530112175307,1.1389449525268756,1.0037006760030267,"[SONY,7832.TSE,4816.TSE,6460.TSE,9468.TSE,9404.TSE]","null"
2023-04-23,28.96530112175307,1.1389449525268756,1.0037006760030267,"[SONY,7832.TSE,4816.TSE,6460.TSE,9468.TSE,9404.TSE]","null"
2023-04-24,29.37490758743993,1.155051093272848,1.0178942894157441,"[SONY,7832.TSE,4816.TSE,6460.TSE,9468.TSE,9404.TSE]","null"
2023-04-25,28.78522255459169,1.1318640810294724,0.9974606241964259,"[SONY,7832.TSE,4816.TSE,6460.TSE,9468.TSE,9404.TSE]","null"
2023-04-26,28.941915497699476,1.1380254061232125,1.002890321345477,"[SONY,7832.TSE,4816.TSE,6460.TSE,9468.TSE,9404.TSE]","null"
2023-04-27,29.275871412041354,1.1511568906331568,1.0144625047511044,"[SONY,7832.TSE,4816.TSE,6460.TSE,9468.TSE,9404.TSE]","null"
2023-04-28,28.65359936167871,1.1266885238835767,0.9928996397568332,"[SONY,7832.TSE,4816.TSE,6460.TSE,9468.TSE,9404.TSE]","null"
2023-04-29,28.65359936167871,1.1266885238835767,0.9928996397568332,"[SONY,7832.TSE,4816.TSE,6460.TSE,9468.TSE,9404.TSE]","null"
2023-04-30,28.65359936167871,1.1266885238835767,0.9928996397568332,"[SONY,7832.TSE,4816.TSE,6460.TSE,9468.TSE,9404.TSE]","null"
2023-05-01,28.54441750609113,1.1223953828315887,0.9891162887120818,"[SONY,7832.TSE,4816.TSE,6460.TSE,9468.TSE,9404.TSE]","null"
2023-05-02,28.734401889348618,1.1298657610424176,0.9956995951691431,"[SONY,7832.TSE,4816.TSE,6460.TSE,9468.TSE,9404.TSE]","null"
2023-05-03,29.15077333135348,1.1462379075032612,1.0101276273878304,"[SONY,7832.TSE,4816.TSE,6460.TSE,9468.TSE,9404.TSE]","null"
2023-05-04,29.195958001340387,1.1480146144533068,1.0116933588684112,"[SONY,7832.TSE,4816.TSE,6460.TSE,9468.TSE,9404.TSE]","null"
2023-05-05,29.23293366457785,1.149468534950581,1.012974633246713,"[SONY,7832.TSE,4816.TSE,6460.TSE,9468.TSE,9404.TSE]","null"
2023-05-06,29.23293366457785,1.149468534950581,1.012974633246713,"[SONY,7832.TSE,4816.TSE,6460.TSE,9468.TSE,9404.TSE]","null"
2023-05-07,29.23293366457785,1.149468534950581,1.012974633246713,"[SONY,7832.TSE,4816.TSE,6460.TSE,9468.TSE,9404.TSE]","null"
2023-05-08,28.858889966319992,1.1347607582088668,1.000013334787636,"[SONY,7832.TSE,4816.TSE,6460.TSE,9468.TSE,9404.TSE]","null"
2023-05-09,28.98169607335651,1.1395896186153507,1.0042687910707155,"[SONY,7832.TSE,4816.TSE,6460.TSE,9468.TSE,9404.TSE]","null"
2023-05-10,28.677016895537946,1.12760932501309,0.9937111001475275,"[SONY,7832.TSE,4816.TSE,6460.TSE,9468.TSE,9404.TSE]","null"
2023-05-11,29.102151722344026,1.144326056632722,1.0084427996822247,"[SONY,7832.TSE,4816.TSE,6460.TSE,9468.TSE,9404.TSE]","null"
2023-05-12,29.297184674894094,1.1519949496972064,1.0152010483016514,"[SONY,7832.TSE,4816.TSE,6460.TSE,9468.TSE,9404.TSE]","null"
2023-05-13,29.297184674894094,1.1519949496972064,1.0152010483016514,"[SONY,7832.TSE,4816.TSE,6460.TSE,9468.TSE,9404.TSE]","null"
2023-05-14,29.297184674894094,1.1519949496972064,1.0152010483016514,"[SONY,7832.TSE,4816.TSE,6460.TSE,9468.TSE,9404.TSE]","null"
2023-05-15,29.77111805759624,1.1706304899180267,1.0316237070753005,"[SONY,7832.TSE,4816.TSE,6460.TSE,9468.TSE,9404.TSE]","null"
2023-05-16,29.58673098214613,1.163380203514569,1.025234357574062,"[SONY,7832.TSE,4816.TSE,6460.TSE,9468.TSE,9404.TSE]","null"
2023-05-17,29.888894941351637,1.1752615961756037,1.035704891570705,"[SONY,7832.TSE,4816.TSE,6460.TSE,9468.TSE,9404.TSE]","null"
2023-05-18,30.194781510182015,1.187289365614309,1.046304420801379,"[SONY,7832.TSE,4816.TSE,6460.TSE,9468.TSE,9404.TSE]","null"
2023-05-19,30.388846917696526,1.1949202138288553,1.0530291422151963,"[SONY,7832.TSE,4816.TSE,6460.TSE,9468.TSE,9404.TSE]","null"
2023-05-20,30.388846917696526,1.1949202138288553,1.0530291422151963,"[SONY,7832.TSE,4816.TSE,6460.TSE,9468.TSE,9404.TSE]","null"
2023-05-21,30.388846917696526,1.1949202138288553,1.0530291422151963,"[SONY,7832.TSE,4816.TSE,6460.TSE,9468.TSE,9404.TSE]","null"
2023-05-22,29.768442047545182,1.1705252664947399,1.0315309784312603,"[SONY,7832.TSE,4816.TSE,6460.TSE,9468.TSE,9404.TSE]","null"
2023-05-23,29.202451206753487,1.1482699338611695,1.0119183603153206,"[SONY,7832.TSE,4816.TSE,6460.TSE,9468.TSE,9404.TSE]","null"
2023-05-24,28.56984997311346,1.1233954131721549,0.9899975702232058,"[SONY,7832.TSE,4816.TSE,6460.TSE,9468.TSE,9404.TSE]","null"
2023-05-25,28.42273104383836,1.1176105479910643,0.9848996301691539,"[SONY,7832.TSE,4816.TSE,6460.TSE,9468.TSE,9404.TSE]","null"
2023-05-26,28.395719202190065,1.1165484150419034,0.9839636204377681,"[SONY,7832.TSE,4816.TSE,6460.TSE,9468.TSE,9404.TSE]","null"
2023-05-27,28.395719202190065,1.1165484150419034,0.9839636204377681,"[SONY,7832.TSE,4816.TSE,6460.TSE,9468.TSE,9404.TSE]","null"
2023-05-28,28.395719202190065,1.1165484150419034,0.9839636204377681,"[SONY,7832.TSE,4816.TSE,6460.TSE,9468.TSE,9404.TSE]","null"
2023-05-29,28.69305161979353,1.128239826597703,0.9942667326785757,"[SONY,7832.TSE,4816.TSE,6460.TSE,9468.TSE,9404.TSE]","null"
2023-05-30,28.590480884088553,1.1242066414698462,0.9907124690328268,"[SONY,7832.TSE,4816.TSE,6460.TSE,9468.TSE,9404.TSE]","null"
2023-05-31,28.620062793785213,1.1253698320955363,0.9917375363240383,"[SONY,7832.TSE,4816.TSE,6460.TSE,9468.TSE,9404.TSE]","null"
2023-06-01,29.342501314888867,1.1537768458415127,1.0167713527844444,"[SONY,7832.TSE,4816.TSE,6460.TSE,9468.TSE,9404.TSE]","null"
2023-06-02,29.66238401629095,1.166354957376799,1.0278558736147085,"[SONY,7832.TSE,4816.TSE,6460.TSE,9468.TSE,9404.TSE]","null"
2023-06-03,29.66238401629095,1.166354957376799,1.0278558736147085,"[SONY,7832.TSE,4816.TSE,6460.TSE,9468.TSE,9404.TSE]","null"
2023-06-04,29.66238401629095,1.166354957376799,1.0278558736147085,"[SONY,7832.TSE,4816.TSE,6460.TSE,9468.TSE,9404.TSE]","null"
2023-06-05,29.881885927199775,1.1749859946461427,1.0354620164073236,"[SONY,7832.TSE,4816.TSE,6460.TSE,9468.TSE,9404.TSE]","null"
2023-06-06,30.356631038063526,1.193653452839733,1.051912803046832,"[SONY,7832.TSE,4816.TSE,6460.TSE,9468.TSE,9404.TSE]","null"
2023-06-07,30.207607493309546,1.1877936962505726,1.0467488645819354,"[SONY,7832.TSE,4816.TSE,6460.TSE,9468.TSE,9404.TSE]","null"
2023-06-08,29.724804210905162,1.1688093825972643,1.030018847556087,"[SONY,7832.TSE,4816.TSE,6460.TSE,9468.TSE,9404.TSE]","null"
2023-06-09,29.93585174554196,1.1771079852358988,1.037332030743561,"[SONY,7832.TSE,4816.TSE,6460.TSE,9468.TSE,9404.TSE]","null"
2023-06-10,29.93585174554196,1.1771079852358988,1.037332030743561,"[SONY,7832.TSE,4816.TSE,6460.TSE,9468.TSE,9404.TSE]","null"
2023-06-11,29.93585174554196,1.1771079852358988,1.037332030743561,"[SONY,7832.TSE,4816.TSE,6460.TSE,9468.TSE,9404.TSE]","null"
2023-06-12,30.34762096629777,1.1932991676998557,1.0516005875761865,"[SONY,7832.TSE,4816.TSE,6460.TSE,9468.TSE,9404.TSE]","null"
2023-06-13,30.46367425025853,1.1978625002692522,1.055622046185374,"[SONY,7832.TSE,4816.TSE,6460.TSE,9468.TSE,9404.TSE]","null"
2023-06-14,30.47987983154289,1.198499720125141,1.0561835992250528,"[SONY,7832.TSE,4816.TSE,6460.TSE,9468.TSE,9404.TSE]","null"
2023-06-15,30.769623137786017,1.2098927201421934,1.066223734872915,"[SONY,7832.TSE,4816.TSE,6460.TSE,9468.TSE,9404.TSE]","null"
2023-06-16,30.62596746219198,1.2042440336005995,1.0612458028949485,"[SONY,7832.TSE,4816.TSE,6460.TSE,9468.TSE,9404.TSE]","null"
2023-06-17,30.62596746219198,1.2042440336005995,1.0612458028949485,"[SONY,7832.TSE,4816.TSE,6460.TSE,9468.TSE,9404.TSE]","null"
2023-06-18,30.62596746219198,1.2042440336005995,1.0612458028949485,"[SONY,7832.TSE,4816.TSE,6460.TSE,9468.TSE,9404.TSE]","null"
2023-06-19,30.862711669835903,1.2135530554264944,1.0694494228142855,"[SONY,7832.TSE,4816.TSE,6460.TSE,9468.TSE,9404.TSE]","null"
2023-06-20,31.09436290693153,1.222661816496426,1.077476561986514,"[SONY,7832.TSE,4816.TSE,6460.TSE,9468.TSE,9404.TSE]","null"
2023-06-21,30.14213750572647,1.18521935008423,1.0444802097345778,"[SONY,7832.TSE,4816.TSE,6460.TSE,9468.TSE,9404.TSE]","null"
2023-06-22,29.796352094469484,1.1716227177843226,1.0324981126187298,"[SONY,7832.TSE,4816.TSE,6460.TSE,9468.TSE,9404.TSE]","null"
2023-06-23,28.909399979122448,1.136746863027581,1.0017635991395115,"[SONY,7832.TSE,4816.TSE,6460.TSE,9468.TSE,9404.TSE]","null"
2023-06-24,28.909399979122448,1.136746863027581,1.0017635991395115,"[SONY,7832.TSE,4816.TSE,6460.TSE,9468.TSE,9404.TSE]","null"
2023-06-25,28.909399979122448,1.136746863027581,1.0017635991395115,"[SONY,7832.TSE,4816.TSE,6460.TSE,9468.TSE,9404.TSE]","null"
2023-06-26,28.43288196355782,1.118009692427001,0.9852513781085813,"[SONY,7832.TSE,4816.TSE,6460.TSE,9468.TSE,9404.TSE]","null"
2023-06-27,28.635665625542256,1.1259833512300383,0.9922782029898629,"[SONY,7832.TSE,4816.TSE,6460.TSE,9468.TSE,9404.TSE]","null"
2023-06-28,29.150803080117672,1.1462390772547746,1.010128658236935,"[SONY,7832.TSE,4816.TSE,6460.TSE,9468.TSE,9404.TSE]","null"
2023-06-29,28.714874115006044,1.1290979091934736,0.9950229220620316,"[SONY,7832.TSE,4816.TSE,6460.TSE,9468.TSE,9404.TSE]","null"
2023-06-30,28.8585051442824,1.134745626616915,1,"[SONY,7832.TSE,4816.TSE,6460.TSE,9468.TSE,9404.TSE]","{new_index:1,new_price:28.8585051442824,shares_removed:[],shares_added:[]}"
2023-07-01,28.8585051442824,1,1,"[SONY,7832.TSE,6460.TSE,4816.TSE,9468.TSE,9404.TSE]","null"
2023-07-02,28.8585051442824,1,1,"[SONY,7832.TSE,6460.TSE,4816.TSE,9468.TSE,9404.TSE]","null"
2023-07-03,28.972528338401993,1.0039511122821336,1.0039511122821336,"[SONY,7832.TSE,6460.TSE,4816.TSE,9468.TSE,9404.TSE]","null"
2023-07-04,28.908210342321134,1.0017223760479008,1.0017223760479008,"[SONY,7832.TSE,6460.TSE,4816.TSE,9468.TSE,9404.TSE]","null"
2023-07-05,28.60480435534048,0.9912088035165542,0.9912088035165542,"[SONY,7832.TSE,6460.TSE,4816.TSE,9468.TSE,9404.TSE]","null"
2023-07-06,28.167167621030714,0.9760438900145645,0.9760438900145645,"[SONY,7832.TSE,6460.TSE,4816.TSE,9468.TSE,9404.TSE]","null"
2023-07-07,28.488875250730196,0.9871916479490471,0.9871916479490471,"[SONY,7832.TSE,6460.TSE,4816.TSE,9468.TSE,9404.TSE]","null"
2023-07-08,28.488875250730196,0.9871916479490471,0.9871916479490471,"[SONY,7832.TSE,6460.TSE,4816.TSE,9468.TSE,9404.TSE]","null"
2023-07-09,28.488875250730196,0.9871916479490471,0.9871916479490471,"[SONY,7832.TSE,6460.TSE,4816.TSE,9468.TSE,9404.TSE]","null"
2023-07-10,28.377037080281642,0.9833162507346245,0.9833162507346245,"[SONY,7832.TSE,6460.TSE,4816.TSE,9468.TSE,9404.TSE]","null"
2023-07-11,28.179015849271646,0.9764544527994937,0.9764544527994937,"[SONY,7832.TSE,6460.TSE,4816.TSE,9468.TSE,9404.TSE]","null"
2023-07-12,28.41897130067507,0.9847693481900808,0.9847693481900808,"[SONY,7832.TSE,6460.TSE,4816.TSE,9468.TSE,9404.TSE]","null"
2023-07-13,29.121664276141843,1.0091189453696143,1.0091189453696143,"[SONY,7832.TSE,6460.TSE,4816.TSE,9468.TSE,9404.TSE]","null"
2023-07-14,28.837544091678986,0.9992736611789621,0.9992736611789621,"[SONY,7832.TSE,6460.TSE,4816.TSE,9468.TSE,9404.TSE]","null"
2023-07-15,28.837544091678986,0.9992736611789621,0.9992736611789621,"[SONY,7832.TSE,6460.TSE,4816.TSE,9468.TSE,9404.TSE]","null"
2023-07-16,28.837544091678986,0.9992736611789621,0.9992736611789621,"[SONY,7832.TSE,6460.TSE,4816.TSE,9468.TSE,9404.TSE]","null"
2023-07-17,28.9576631586535,1.0034360066079426,1.0034360066079426,"[SONY,7832.TSE,6460.TSE,4816.TSE,9468.TSE,9404.TSE]","null"
2023-07-18,29.12786421754007,1.0093337846818804,1.0093337846818804,"[SONY,7832.TSE,6460.TSE,4816.TSE,9468.TSE,9404.TSE]","null"
2023-07-19,29.278383827898487,1.0145495645570288,1.0145495645570288,"[SONY,7832.TSE,6460.TSE,4816.TSE,9468.TSE,9404.TSE]","null"
2023-07-20,28.847058823529412,0.9996033640448193,0.9996033640448193,"[SONY,7832.TSE,6460.TSE,4816.TSE,9468.TSE,9404.TSE]","null"
2023-07-21,28.182482246747295,0.976574569813813,0.976574569813813,"[SONY,7832.TSE,6460.TSE,4816.TSE,9468.TSE,9404.TSE]","null"
2023-07-22,28.182482246747295,0.976574569813813,0.976574569813813,"[SONY,7832.TSE,6460.TSE,4816.TSE,9468.TSE,9404.TSE]","null"
2023-07-23,28.182482246747295,0.976574569813813,0.976574569813813,"[SONY,7832.TSE,6460.TSE,4816.TSE,9468.TSE,9404.TSE]","null"
2023-07-24,28.111183980771266,0.9741039544572807,0.9741039544572807,"[SONY,7832.TSE,6460.TSE,4816.TSE,9468.TSE,9404.TSE]","null"
2023-07-25,28.15186788971293,0.9755137263334835,0.9755137263334835,"[SONY,7832.TSE,6460.TSE,4816.TSE,9468.TSE,9404.TSE]","null"
2023-07-26,28.260789088964167,0.9792880451593088,0.9792880451593088,"[SONY,7832.TSE,6460.TSE,4816.TSE,9468.TSE,9404.TSE]","null"
2023-07-27,28.47821935391345,0.986822401629341,0.986822401629341,"[SONY,7832.TSE,6460.TSE,4816.TSE,9468.TSE,9404.TSE]","null"
2023-07-28,28.236597279778984,0.9784497547120304,0.9784497547120304,"[SONY,7832.TSE,6460.TSE,4816.TSE,9468.TSE,9404.TSE]","null"
2023-07-29,28.236597279778984,0.9784497547120304,0.9784497547120304,"[SONY,7832.TSE,6460.TSE,4816.TSE,9468.TSE,9404.TSE]","null"
2023-07-30,28.236597279778984,0.9784497547120304,0.9784497547120304,"[SONY,7832.TSE,6460.TSE,4816.TSE,9468.TSE,9404.TSE]","null"
2023-07-31,28.63615165676939,0.9922950448610792,0.9922950448610792,"[SONY,7832.TSE,6460.TSE,4816.TSE,9468.TSE,9404.TSE]","null"
2023-08-01,28.43331297310496,0.9852663133779235,0.9852663133779235,"[SONY,7832.TSE,6460.TSE,4816.TSE,9468.TSE,9404.TSE]","null"
2023-08-02,28.352421245421247,0.9824632670219434,0.9824632670219434,"[SONY,7832.TSE,6460.TSE,4816.TSE,9468.TSE,9404.TSE]","null"
2023-08-03,28.105100943495493,0.9738931660867343,0.9738931660867343,"[SONY,7832.TSE,6460.TSE,4816.TSE,9468.TSE,9404.TSE]","null"
2023-08-04,27.58726966292135,0.9559493648404407,0.9559493648404407,"[SONY,7832.TSE,6460.TSE,4816.TSE,9468.TSE,9404.TSE]","null"
