date,024720.KO,078520.KO,090430.KO,192820.KO,214420.KO,226320.KO,4137.TW,4452.TSE,4747.TWO,4911.TSE,4917.TSE,4921.TSE,4922.TSE,4927.TSE,PERF
2022-12-29,12.487710507119978,4.154641463956106,109.01969490342837,58.75170467159303,3.484665884367765,14.152738574735974,6.567796610169491,39.2442823847831,1.719361147327249,47.88965491316443,10.860128561762274,19.88463498985039,108.49043229832344,13.845846928802347,7.14
2022-12-30,12.480783555478073,4.152336878140006,108.95922151607841,58.71911501339208,3.4827329350048335,14.144888029541816,6.47423352902805,39.51367345382445,1.6312720156555773,49.12281323877069,11.023358499199269,20.359071150766415,109.43870128879739,14.04435369480668,7.14
2022-12-31,12.480783555478073,4.152336878140006,108.95922151607841,58.71911501339208,3.4827329350048335,14.144888029541816,6.47423352902805,39.51367345382445,1.6312720156555773,49.12281323877069,11.023358499199269,20.359071150766415,109.43870128879739,14.04435369480668,7.14
2023-01-01,12.480783555478073,4.152336878140006,108.95922151607841,58.71911501339208,3.4827329350048335,14.144888029541816,6.47423352902805,39.51367345382445,1.6312720156555773,49.12281323877069,11.023358499199269,20.359071150766415,109.43870128879739,14.04435369480668,7.14
2023-01-02,12.048003023812523,3.992377472596699,106.3059090336399,58.03515182058712,3.263985132921759,13.307924908655663,6.459485844451676,39.62851242829828,1.6275561340709404,49.2655793499044,11.055395793499043,20.418240917782025,109.7567640535373,14.085170936902486,7.14
2023-01-03,11.72250486483952,4.032541673504795,103.93954313491041,56.58062348095875,3.2823013621550654,13.32458052970092,6.475756589651806,39.5498664224105,1.557621217051741,49.16780780093123,11.03345546141516,20.377719258071902,109.5389428287917,14.057217769635907,7.2
2023-01-04,11.916091836493916,4.270916083971087,103.43010405933663,55.215158212664875,3.3506634470933387,13.56782733858218,6.453715775749674,38.23415592249115,1.5920013037809648,47.996843097338456,10.623242856065747,20.068909748925584,105.64978436251226,13.676487974063184,7.31
2023-01-05,11.925403463074401,4.346495735883696,107.87782737978488,56.3318400426804,3.41286217528774,13.926046807208593,6.477864583333334,38.239727906453794,1.5931087239583335,48.7011393448767,10.561132598755716,20.070688104340007,106.374827973915,13.70785173525223,7.018
2023-01-06,12.002934936914809,4.330627023750658,109.66136570271004,56.46563412183179,3.493212958384509,14.116408530457948,6.62414131501472,38.10680672268908,1.5657736342819757,50.00171246877129,10.56949882655765,19.81259822848058,108.26661518661518,13.777373760314937,7.36
2023-01-07,12.002934936914809,4.330627023750658,109.66136570271004,56.46563412183179,3.493212958384509,14.116408530457948,6.62414131501472,38.10680672268908,1.5657736342819757,50.00171246877129,10.56949882655765,19.81259822848058,108.26661518661518,13.777373760314937,7.36
2023-01-08,12.002934936914809,4.330627023750658,109.66136570271004,56.46563412183179,3.493212958384509,14.116408530457948,6.62414131501472,38.10680672268908,1.5657736342819757,50.00171246877129,10.56949882655765,19.81259822848058,108.26661518661518,13.777373760314937,7.36
2023-01-09,12.704789100500932,4.476925683033661,116.96472505223079,61.144318337648926,3.6420395421436003,15.044083601545546,6.676509186351706,38.1674863512284,1.5062992125984251,50.0813330300273,10.58632923870185,19.84414695177434,108.43901425538368,13.799312253563846,7.26
2023-01-10,13.615636228871594,4.374728090104897,112.79225278355166,60.34385523920014,3.637550152269541,14.824124651552504,6.570302233902759,38.01309617420233,1.4136103810775293,50.35139346741268,10.473794798124906,20.012412672009678,106.39681385150462,13.767151066081961,7.2
2023-01-11,13.118184378898233,4.506860890909823,115.89070862339544,60.60118305098386,3.6296326103577323,15.009456359905034,6.553876478318003,37.97974109299517,1.5548127463863337,49.20080917874397,10.36696708937198,19.529366696859906,101.48754830917875,13.31080993357488,6.9
2023-01-12,13.352050407015676,4.67120071641213,112.94785842792716,59.8623649668014,3.630466878040516,14.844575679098998,6.542518127883982,38.70300294026617,1.4166611733684904,49.06325750541628,10.40531104921077,19.473338749613124,100.48964097802536,13.276771897245435,7.28
2023-01-13,13.250490833730579,4.621512656642616,112.70996776252534,60.11198280668018,3.6923623847651674,15.108791377485476,6.782178217821782,38.7800304949566,1.4942937293729373,49.37879427633122,10.391623269997654,19.43815388224255,101.31695441394949,13.331758542497457,7.21
2023-01-14,13.250490833730579,4.621512656642616,112.70996776252534,60.11198280668018,3.6923623847651674,15.108791377485476,6.782178217821782,38.7800304949566,1.4942937293729373,49.37879427633122,10.391623269997654,19.43815388224255,101.31695441394949,13.331758542497457,7.21
2023-01-15,13.250490833730579,4.621512656642616,112.70996776252534,60.11198280668018,3.6923623847651674,15.108791377485476,6.782178217821782,38.7800304949566,1.4942937293729373,49.37879427633122,10.391623269997654,19.43815388224255,101.31695441394949,13.331758542497457,7.21
2023-01-16,13.285238087569848,4.726324095396061,114.73614711992141,60.3069292581201,3.7802541103721476,15.579961029968276,6.66776424102733,39.32187383322962,1.514972011853803,47.99872121966397,10.345147013067828,19.460458151835716,98.23437538892345,13.216068761667703,7.21
2023-01-17,13.374926256071246,4.719611440208826,116.7780570394136,60.4498177615788,3.7700320836599612,15.435715497943251,6.6732738685166835,39.74625848747366,1.526432111000991,48.35402715991571,10.410688363380942,19.51026379458363,99.41842425661439,13.159964098961993,7.45
2023-01-18,13.488300716414535,5.064170388737673,115.90246423984945,61.54542003537651,3.8243774785762175,15.345970874962646,6.653491436100132,39.81480294802172,1.521907114624506,49.08455546935609,10.486376260667184,19.725035686578742,101.37235608999224,13.311792086889062,7.34
2023-01-19,13.588830387058564,5.45987035850174,119.25719802373786,63.84722098277666,3.9468453631665623,15.98208708209276,6.664467172550314,39.78083229523513,1.5244176839326955,49.802863593895985,10.585431329803798,20.236442696979136,102.8201790719402,13.552189349112426,6.92
2023-01-20,13.81709418381612,5.46994375629897,120.69638154686434,63.63991027016483,3.868786371468514,15.523911700640465,6.660072535443455,39.51150628906551,1.523412462908012,49.360905934099854,10.552447719731461,19.849932093525734,104.21160583378347,13.508329346400185,7.2
2023-01-21,13.81709418381612,5.46994375629897,120.69638154686434,63.63991027016483,3.868786371468514,15.523911700640465,6.660072535443455,39.51150628906551,1.523412462908012,49.360905934099854,10.552447719731461,19.849932093525734,104.21160583378347,13.508329346400185,7.2
2023-01-22,13.81709418381612,5.46994375629897,120.69638154686434,63.63991027016483,3.868786371468514,15.523911700640465,6.660072535443455,39.51150628906551,1.523412462908012,49.360905934099854,10.552447719731461,19.849932093525734,104.21160583378347,13.508329346400185,7.2
2023-01-23,13.816869585006257,5.469854841593653,120.69441961020172,63.638875794469996,3.868723483801752,15.523659357271736,6.664467172550314,39.58183348637894,1.5244176839326955,49.512872666054484,10.59287419651056,20.09477196204469,104.94163376186103,13.486577900214263,7.2
2023-01-24,13.78773378319194,5.458320491816575,120.4399098120002,63.50467971905465,3.8605654592937437,15.490924426998005,6.668867613073622,39.80056853103872,1.5254242324199407,49.71068070067609,10.779322372464659,20.381075599262445,106.81361094038107,13.517636754763368,7.345
2023-01-25,13.617525162818236,5.41781227442679,118.0888423887037,63.1807748769232,3.779491796231863,15.117967184927451,6.675479180436219,39.78995370370371,1.5269365499008591,49.80258641975309,10.818280864197531,20.354189814814813,108.50378549382717,13.667724537037037,7.335
2023-01-26,13.54421956405304,5.299206336325126,116.37154496615975,63.13602648791651,3.7694966971256068,15.305211562494929,6.684315023163468,39.4945023805867,1.5289576439444077,50.345183535555215,10.812266932882814,20.2496528951006,108.14002841345416,13.61025341729381,7.49
2023-01-27,13.649962602842184,5.4388475171539135,119.8335013495496,64.95723716301909,3.845403401515398,15.893792071802544,6.684315023163468,39.59334796334796,1.5289576439444077,50.94075614075614,10.932638022638022,20.21245553245553,109.19776622776622,13.852780472780472,7.4
2023-01-28,13.649962602842184,5.4388475171539135,119.8335013495496,64.95723716301909,3.845403401515398,15.893792071802544,6.684315023163468,39.59334796334796,1.5289576439444077,50.94075614075614,10.932638022638022,20.21245553245553,109.19776622776622,13.852780472780472,7.4
2023-01-29,13.649962602842184,5.4388475171539135,119.8335013495496,64.95723716301909,3.845403401515398,15.893792071802544,6.684315023163468,39.59334796334796,1.5289576439444077,50.94075614075614,10.932638022638022,20.21245553245553,109.19776622776622,13.852780472780472,7.4
2023-01-30,13.540279897392603,5.422606097996558,117.46273987726076,62.10020456537974,3.7422476215215763,15.301815111861544,6.943521594684385,39.52312763510924,1.4815049833887042,51.96571713300116,10.974856266768878,20.038838635492528,109.24628210042162,14.147923342276735,7.4
2023-01-31,13.40660765813961,5.317251888597088,117.93599844373115,63.466588853224394,3.6758745906688715,15.278993612813279,7.416029265048221,39.834081475787855,1.4829830395743264,51.36333820138355,11.148576479631053,20.06984627209839,109.00471867794005,14.208816295157572,7.39
2023-02-01,13.564258424484388,5.383161666653032,115.68070815573536,64.13979858139783,3.6446786056138687,15.535902743121744,7.224462365591397,39.56539553280596,1.4787365591397847,51.26185357530635,11.080408717232823,20.142565534357068,108.51890103924306,14.121633317822242,7.42
2023-02-02,13.793778924085244,5.3869195798202725,123.1645703931635,64.0716950024078,3.791248704282601,15.589418784025334,7.198116380760175,39.43691978859008,1.4884426505213588,50.41403077879683,11.03545546401368,19.993414425617907,110.07002953520909,14.01384424063423,7.43
2023-02-03,13.34284294712548,5.930152420944657,119.88524353693525,62.5070120045518,3.7023384033465296,15.105861234433352,7.321547698465643,38.60873618416038,1.6112508338892595,49.09275935665828,10.438801737937343,19.47157100388749,107.87146962420917,13.456790151688391,7.415
2023-02-04,13.34284294712548,5.930152420944657,119.88524353693525,62.5070120045518,3.7023384033465296,15.105861234433352,7.321547698465643,38.60873618416038,1.6112508338892595,49.09275935665828,10.438801737937343,19.47157100388749,107.87146962420917,13.456790151688391,7.415
2023-02-05,13.34284294712548,5.930152420944657,119.88524353693525,62.5070120045518,3.7023384033465296,15.105861234433352,7.321547698465643,38.60873618416038,1.6112508338892595,49.09275935665828,10.438801737937343,19.47157100388749,107.87146962420917,13.456790151688391,7.415
2023-02-06,13.09593645458437,5.723526707148859,117.16582372806113,61.83311401074945,3.745659791035784,15.093621676470121,7.4209650582362725,38.11402155887231,1.7651613976705491,48.67632669983416,10.568741142770993,19.091099804010252,107.65138926579225,13.262894617819992,7.01
2023-02-07,13.067263359903171,5.852796203247307,118.01148262874162,62.58908592860385,3.742604374865625,15.296900008759287,7.406790945406126,38.91787044101938,1.8795605858854862,50.303532733099345,10.727900961391729,19.854633755531815,113.90133831832749,13.583459484205708,7.42
2023-02-08,13.070340320572305,5.631032541023262,118.3309936789677,62.25859922117269,3.7196538897745213,15.100684448039846,7.249750581975391,38.52288095600548,1.858194213501829,49.69609529608769,10.589041711067134,19.7760359263206,113.47241208707565,13.49008372659461,7.4
2023-02-09,12.973665277854643,5.7318143366511976,117.95678607287707,62.85230893293382,3.747420683548507,15.171519602805033,7.187915006640106,38.24992095462491,1.8356507304116865,49.83617237972182,10.5812540852778,20.23059588051988,115.65338299004334,13.448026145777913,7.41
2023-02-10,13.628082683344243,5.512748724338904,121.13851274083771,63.723905139711505,3.817125010844105,15.063447873372398,7.3841059602649,38.42570265540592,1.7758013245033113,49.84381495853306,10.615062771056836,20.169020771513352,116.00373887240356,13.492484972989423,7.4
2023-02-11,13.628082683344243,5.512748724338904,121.13851274083771,63.723905139711505,3.817125010844105,15.063447873372398,7.3841059602649,38.42570265540592,1.7758013245033113,49.84381495853306,10.615062771056836,20.169020771513352,116.00373887240356,13.492484972989423,7.4
2023-02-12,13.628082683344243,5.512748724338904,121.13851274083771,63.723905139711505,3.817125010844105,15.063447873372398,7.3841059602649,38.42570265540592,1.7758013245033113,49.84381495853306,10.615062771056836,20.169020771513352,116.00373887240356,13.492484972989423,7.4
2023-02-13,13.398151275023364,5.458215202896389,117.09638658300021,62.514234554036335,3.7657758126457814,14.717547180183931,7.232704402515723,37.79131561060343,1.8043131413439257,47.51275205800166,10.454473227097653,19.9297349142814,114.91968582433351,13.130903255041162,7.43
2023-02-14,13.382262804695973,5.532068710807965,119.36381209825709,62.94299768973267,3.7129296390010844,14.71813166952176,7.251404030393129,38.02675856370192,1.7749223653782624,47.281774338942306,10.480301231971154,19.77867412860577,115.20386793870192,13.127809495192308,7.54
2023-02-15,12.952016012835191,5.677702750064253,115.96844163025615,61.761567637873156,3.5943207395811427,14.533049837613028,7.27931488801054,37.54193767240737,1.7889657444005271,45.871898158502944,10.379300678446285,19.007749198538733,111.22014016252889,13.183975993439201,7.63
2023-02-16,12.923181878086407,5.837526067305977,115.89776189405626,61.63125130821052,3.620351491941423,14.54342483700666,7.229907773386034,37.639361654472154,1.8275757575757576,46.345727937882636,10.71100567418247,19.183015529341496,112.41813199940273,13.32834776765716,7.63
2023-02-17,12.639669115377492,5.679362923637261,113.04710167294277,61.423544663250816,3.503302673004506,13.882029754923142,7.532894736842105,37.33510807990459,1.8123157894736843,45.69840563506261,10.531531007751939,18.68516994633274,113.56901833631485,12.967002087060227,7.75
2023-02-18,12.639669115377492,5.679362923637261,113.04710167294277,61.423544663250816,3.503302673004506,13.882029754923142,7.532894736842105,37.33510807990459,1.8123157894736843,45.69840563506261,10.531531007751939,18.68516994633274,113.56901833631485,12.967002087060227,7.75
2023-02-19,12.639669115377492,5.679362923637261,113.04710167294277,61.423544663250816,3.503302673004506,13.882029754923142,7.532894736842105,37.33510807990459,1.8123157894736843,45.69840563506261,10.531531007751939,18.68516994633274,113.56901833631485,12.967002087060227,7.75
2023-02-20,12.611653630767806,5.823729964054858,115.62610882275806,63.86819086407183,3.474954104379753,13.930670616004072,7.634090161237249,37.577280244338496,1.7871997367555117,45.62667982717521,10.547320470798569,18.947782330154944,116.61502532777115,12.981401966626935,7.75
2023-02-21,12.548232988301585,5.826238745636062,112.31395847369387,62.243522998713786,3.410761315612176,13.865070129233784,7.468064199148379,37.24887481481482,1.759806747461513,45.25184074074074,10.480628888888889,18.362912592592593,112.12518592592593,12.739633333333334,7.8
2023-02-22,12.40167299796631,5.74037834311807,111.04715858946318,61.39442078201144,3.3114615709297417,13.537469782433522,7.612966601178782,37.27372396412423,1.7976129666011786,44.87620932473501,10.465664517085465,18.33835371729301,109.9132013935216,12.594009339559706,7.6
2023-02-23,12.47361203137279,5.7090466431422096,112.56298442146786,62.40658273880148,3.3745781777277837,13.72174368614882,7.815070746956235,37.326292309976246,1.8386278381046397,44.93949970308788,10.48042458432304,18.36421689429929,110.06821555819477,12.611771080760095,7.13
2023-02-24,12.321078170395948,5.506457157633744,110.1291431526749,61.52933481389088,3.300832053056692,13.682481252186612,6.97522816166884,36.70314428079431,1.7639374185136898,44.895700886641755,10.4039107496153,18.12144867003737,108.14630614787133,12.479067194255148,8
2023-02-25,12.321078170395948,5.506457157633744,110.1291431526749,61.52933481389088,3.300832053056692,13.682481252186612,6.97522816166884,36.70314428079431,1.7639374185136898,44.895700886641755,10.4039107496153,18.12144867003737,108.14630614787133,12.479067194255148,8
2023-02-26,12.321078170395948,5.506457157633744,110.1291431526749,61.52933481389088,3.300832053056692,13.682481252186612,6.97522816166884,36.70314428079431,1.7639374185136898,44.895700886641755,10.4039107496153,18.12144867003737,108.14630614787133,12.479067194255148,8
2023-02-27,12.151184399153513,5.461206471529668,106.64522637459325,59.163070108238074,3.2008737930354445,13.433050918165337,6.972955360052134,36.58230876523272,1.7633626588465299,44.912328586110704,10.278039201292028,18.19845250330348,107.9064366466011,12.538313023050948,7.6
2023-02-28,12.097353090076544,5.538638235494132,104.5767437643094,58.40883159668437,3.2491329348737747,13.706807311304715,6.963878945655711,36.84288724122742,1.7610673608851286,45.825775216561446,10.401259726912349,18.40260167376303,112.43602261048304,12.618267508442226,7.395
2023-03-01,12.2604014305078,5.613288100288705,105.98623097953026,59.19606686934747,3.2929248064449435,13.891547904397969,6.818181818181818,36.41660988325134,1.827204054937868,45.58004846170791,10.265803656656143,18.1805830090315,109.09938908877304,12.453832146266246,7.63
2023-03-02,12.46006146150268,5.825879410396602,110.2646809873493,65.42676091780477,3.4467244679309736,14.114794225973965,7.077625570776256,35.66120924111712,2.004044357469015,45.56538017253985,10.380331188770288,18.12394502120193,110.44775771311595,12.515934347126773,7.62
2023-03-03,12.718208337835126,5.888345243791385,112.44192687030205,66.21494389479696,3.6618870487274076,14.199941348068345,7.341855129465748,36.746409331763324,1.9402556538839724,46.92210553429497,10.601679423020313,18.390174418604655,115.57374668825435,12.788289667353547,7.6
2023-03-04,12.718208337835126,5.888345243791385,112.44192687030205,66.21494389479696,3.6618870487274076,14.199941348068345,7.341855129465748,36.746409331763324,1.9402556538839724,46.92210553429497,10.601679423020313,18.390174418604655,115.57374668825435,12.788289667353547,7.6
2023-03-05,12.718208337835126,5.888345243791385,112.44192687030205,66.21494389479696,3.6618870487274076,14.199941348068345,7.341855129465748,36.746409331763324,1.9402556538839724,46.92210553429497,10.601679423020313,18.390174418604655,115.57374668825435,12.788289667353547,7.6
2023-03-06,12.551430816883178,5.971368252353876,110.95187462438169,64.41372721248825,3.6675758556392832,13.88439431063443,7.047308319738989,36.49351945854483,1.988763458401305,46.7876752740381,10.634098433016993,18.26650408298389,114.79909732950783,12.645187964393438,7.6
2023-03-07,12.553665973876239,5.613119529104783,107.33194775247661,62.27528558641929,3.47785851904668,13.516998649817195,7.015264696329978,35.921843832021,1.9384735303670024,45.671381598133564,10.545934674832312,18.023045348498105,112.89893554972296,12.34410250801983,6.25
2023-03-08,12.614199898235835,5.824859314838583,103.05520326252876,61.590103055203265,3.474410869020406,13.30528490169126,7.3983739837398375,36.166480524208225,1.8742861788617888,45.977823079723336,10.61042082271569,18.077654896250458,115.06137677466327,12.500037131416091,6.25
2023-03-09,12.27165075198745,5.8605240530388745,100.8432517234617,61.923941409844474,3.5261196844217166,13.561418593775928,7.161373946856773,36.854587587219974,1.8359494491250812,46.61702533969886,10.979514506059491,18.382884318766063,116.44098273962541,12.66838854204921,5.97
2023-03-10,11.865549018271581,5.527664826635772,96.46910944019142,60.880034528974804,3.532404988528202,13.220962722337065,6.987678339818418,36.744919259259255,1.8086316472114137,45.50254296296297,10.875572592592592,18.171631851851853,112.93608444444445,12.548942222222221,5.7
2023-03-11,11.865549018271581,5.527664826635772,96.46910944019142,60.880034528974804,3.532404988528202,13.220962722337065,6.987678339818418,36.744919259259255,1.8086316472114137,45.50254296296297,10.875572592592592,18.171631851851853,112.93608444444445,12.548942222222221,5.7
2023-03-12,11.865549018271581,5.527664826635772,96.46910944019142,60.880034528974804,3.532404988528202,13.220962722337065,6.987678339818418,36.744919259259255,1.8086316472114137,45.50254296296297,10.875572592592592,18.171631851851853,112.93608444444445,12.548942222222221,5.7
2023-03-13,11.827840917852791,5.6055021820593085,100.85277653553749,61.06681881968325,3.5622310978148564,13.053803568399463,7.0795006570302235,37.601367014488396,1.8067279894875163,45.66561894752646,10.955003378124765,18.348710307034004,114.45365513099617,12.561478117258464,6.085
2023-03-14,11.333854430088738,5.440863181448956,97.47574601131086,60.615813753889064,3.3411497846644287,12.26876331478842,7.014093739757456,36.833572492922066,1.7833693870862013,43.74228132916108,10.644523170913427,17.9146490835941,109.95921919237074,12.142369989569364,6.13
2023-03-15,11.451369748283055,5.360215626855898,96.0879562655134,59.38875268391478,3.3310999101554764,12.387884694452481,6.925841228356746,36.79114084401469,1.7711630186213656,43.642249456562475,10.82016565474852,17.881970616895284,109.88087099917549,12.186405816655423,6.07
2023-03-16,11.322261994377277,5.891570522175964,95.4019633447529,57.686694421827234,3.3029665248183373,12.213294824328269,6.843483955468239,37.33160448598131,1.6792632612966603,43.45688373831776,10.770513644859813,17.702850841121496,110.27121121495327,12.214649719626168,6.095
2023-03-17,11.3539987316529,5.944421946989204,96.57775502563436,58.221716241719456,3.529978071348345,12.683470992290589,6.758080313418217,38.73382975495031,1.7030329742082926,44.942319247401564,10.861618997041196,18.490853501251802,112.87572794173431,12.53715120248843,5.86
2023-03-18,11.3539987316529,5.944421946989204,96.57775502563436,58.221716241719456,3.529978071348345,12.683470992290589,6.758080313418217,38.73382975495031,1.7030329742082926,44.942319247401564,10.861618997041196,18.490853501251802,112.87572794173431,12.53715120248843,5.86
2023-03-19,11.3539987316529,5.944421946989204,96.57775502563436,58.221716241719456,3.529978071348345,12.683470992290589,6.758080313418217,38.73382975495031,1.7030329742082926,44.942319247401564,10.861618997041196,18.490853501251802,112.87572794173431,12.53715120248843,5.86
2023-03-20,11.469155097913028,5.876313934602066,97.91302748919739,60.44865312126505,3.616193190524348,13.02442462688854,6.7988204456094365,38.21762183978069,1.7123722149410223,44.50359579652757,10.819441060006092,18.24976165092903,110.56868565336583,12.252180170575693,5.49
2023-03-21,11.535246159391946,5.522192310347208,100.4732212021506,61.12760099092674,3.6162689921232065,13.145885583243215,6.824146981627297,37.87441023318995,1.721026902887139,44.10393328805373,10.722277563957437,18.0858705003396,109.57572862425478,12.142150026413102,5.58
2023-03-22,11.565411565411566,5.513205513205513,97.79009779009779,60.44506044506044,3.5266035266035263,12.835912835912836,6.910167818361303,38.251925300471626,1.7454129647910497,45.42543815609311,10.995686900958466,18.676074090978243,113.85757720979765,12.653379735280692,5.59
2023-03-23,11.61950211016376,5.634875605263362,101.03914878403269,60.079432315428676,3.5596869340836137,13.018505708711904,6.956808440487966,38.3712284054426,1.7553049785690735,45.655279009325795,11.041933190643633,18.904097997248126,114.94710824033022,12.88179253936707,6.06
2023-03-24,11.46693417701983,5.563700902847441,99.15888571649046,59.263832085809085,3.453198549270777,12.979396558376417,7.053394858272907,38.411063422844464,1.754726433750824,45.61754418177645,11.073886466222936,18.844022645551217,116.33818147043073,12.907782878127152,5.92
2023-03-25,11.46693417701983,5.563700902847441,99.15888571649046,59.263832085809085,3.453198549270777,12.979396558376417,7.053394858272907,38.411063422844464,1.754726433750824,45.61754418177645,11.073886466222936,18.844022645551217,116.33818147043073,12.907782878127152,5.92
2023-03-26,11.46693417701983,5.563700902847441,99.15888571649046,59.263832085809085,3.453198549270777,12.979396558376417,7.053394858272907,38.411063422844464,1.754726433750824,45.61754418177645,11.073886466222936,18.844022645551217,116.33818147043073,12.907782878127152,5.92
2023-03-27,11.260445950629647,5.329841722185852,100.51218854700197,60.76943813301499,3.469788577810298,12.916393884545771,7.0840197693574956,38.38023791425965,1.7283986820428334,45.459008057160226,11.024854058984493,18.812864852538766,117.47766950440862,12.862016570386135,6.49
2023-03-28,11.561050051639356,5.425986157569405,101.96846145545912,61.581859941732304,3.526120265750004,13.202719158972146,7.164031620553359,38.54951176650367,1.6570454545454545,45.71801191931541,11.05950336185819,18.660187958435206,116.71934061735942,12.928842451100245,6.15
2023-03-29,11.640106292549566,5.64391995895331,104.0717398129925,62.02951379582335,3.595414410757909,13.340174448435096,7.065573770491803,38.383186060514824,1.6718590163934426,46.13806036429323,11.169652265542675,18.651211801896732,117.8262908324552,12.937380701490289,6.1
2023-03-30,11.873829001441822,5.721026700694696,104.6284802269906,62.60746200760234,3.6084103718667353,13.392753880197692,7.023301608139153,38.30726745062566,1.6638857893009518,46.13258178802955,11.11864917835067,18.370269862807177,117.92890848786372,12.874785165083674,6.274
2023-03-31,11.703202498316086,5.732961851693099,104.708835956157,61.99865286877717,3.540046537260425,13.325883289449513,6.974459724950885,38.36051577441458,1.6600720366732156,46.32781944130713,11.121150515774415,18.319403659363,117.49598147729839,12.83787817182441,5.98
2023-04-01,11.703202498316086,5.732961851693099,104.708835956157,61.99865286877717,3.540046537260425,13.325883289449513,6.974459724950885,38.36051577441458,1.6600720366732156,46.32781944130713,11.121150515774415,18.319403659363,117.49598147729839,12.83787817182441,5.98
2023-04-02,11.703202498316086,5.732961851693099,104.708835956157,61.99865286877717,3.540046537260425,13.325883289449513,6.974459724950885,38.36051577441458,1.6600720366732156,46.32781944130713,11.121150515774415,18.319403659363,117.49598147729839,12.83787817182441,5.98
2023-04-03,11.634124728817186,5.782687077947872,104.19531273871728,61.26439942555077,3.544473981727626,13.26122162129129,6.98589701541489,38.97237577405226,1.662794358806166,47.1633695816342,11.206766349494035,18.252529829330918,118.06749056033833,12.972890801993659,6.33
2023-04-04,11.567750698185481,5.684679597723076,105.07119202771376,61.19614815266989,3.551970943275291,13.093839180795703,6.992777413000656,39.354642775795305,1.6644320420223242,49.05765165894769,11.267177890820742,18.874800698504288,122.02856578847468,13.305935008731302,6
2023-04-05,11.515367740270388,5.708343138222368,103.16008410697071,60.65114584361266,3.5145782885597825,13.03354410681889,6.967615309126595,39.178694029850746,1.6584429178933595,48.293716113311,11.17879987816022,18.80140115747792,119.43540054827902,13.22481495583308,6.01
2023-04-06,11.410245718314771,5.845381693568564,101.971963396235,60.57665334839536,3.4117013775692007,12.653621331473325,7.072691552062868,39.42352405524359,1.6920595939751146,48.525489452117164,11.018363939899833,18.65229928668994,117.73466231598118,13.186164820154804,6.16
2023-04-07,11.402829056322835,6.252184086178343,103.54467690718204,61.230381208502365,3.4109728489599953,12.694288709603903,7.4482078263729035,38.75355353764662,1.6800197303518578,47.787014755959135,11.040484298146046,18.342792281498298,116.65194400302687,13.164230041619371,6.16
2023-04-08,11.402829056322835,6.252184086178343,103.54467690718204,61.230381208502365,3.4109728489599953,12.694288709603903,7.4482078263729035,38.75355353764662,1.6800197303518578,47.787014755959135,11.040484298146046,18.342792281498298,116.65194400302687,13.164230041619371,6.16
2023-04-09,11.402829056322835,6.252184086178343,103.54467690718204,61.230381208502365,3.4109728489599953,12.694288709603903,7.4482078263729035,38.75355353764662,1.6800197303518578,47.787014755959135,11.040484298146046,18.342792281498298,116.65194400302687,13.164230041619371,6.16
2023-04-10,11.097737303083294,6.548119213620088,101.43907221099327,60.484939325808675,3.3194800869045187,12.233249305445158,7.426229508196721,38.44527840143691,1.668655737704918,47.387938931297704,11.008831013321359,18.230803771890436,116.41132764556204,13.115736416704085,6.17
2023-04-11,11.2140345570721,6.540890014745359,103.59559907746984,60.26692880638209,3.47083065522326,12.55245945026277,7.355832241153342,38.42639607960497,1.645157273918742,47.67165868621876,11.072871464910968,18.113122849019902,116.67431767170433,13.126626515038156,5.62
2023-04-12,11.155788009795327,6.280799346978263,102.71487740726185,58.802188832119,3.4200501859298003,12.727877377029357,7.470511140235911,39.1940959963945,1.8083912188728704,47.97360099151206,11.184556448584091,18.327950123939008,116.76503868399308,13.149135431533088,5.67
2023-04-13,11.366690987289275,6.420644368495834,103.22184247916746,59.59832571713836,3.525210245382282,12.787527360700434,7.269445356087956,39.45634758995248,1.8722710863144076,49.12235498227352,11.352493022554123,18.68446858263559,120.41118729727691,13.294304895526892,6
2023-04-14,11.392385654487189,6.485840015946272,104.26409481899445,59.95185452092181,3.476747573559852,12.73401922752572,7.290301441677588,39.482732844969355,1.8275950196592399,49.8462714905068,11.47406189265959,18.62012258932576,121.33064359396023,13.418299446853043,5.88
2023-04-15,11.392385654487189,6.485840015946272,104.26409481899445,59.95185452092181,3.476747573559852,12.73401922752572,7.290301441677588,39.482732844969355,1.8275950196592399,49.8462714905068,11.47406189265959,18.62012258932576,121.33064359396023,13.418299446853043,5.88
2023-04-16,11.392385654487189,6.485840015946272,104.26409481899445,59.95185452092181,3.476747573559852,12.73401922752572,7.290301441677588,39.482732844969355,1.8275950196592399,49.8462714905068,11.47406189265959,18.62012258932576,121.33064359396023,13.418299446853043,5.88
2023-04-17,11.37543482050155,6.434206637312336,101.02234920538685,58.50656683162689,3.429303301983312,12.603163295465741,7.299509001636661,39.11591314693635,1.886556464811784,48.60973007138608,11.644854253420585,18.508328375966688,117.44295136823321,13.274828227245688,6.1
2023-04-18,11.852525482171952,6.653783486794741,106.24834223788413,61.38456291917699,3.679284604600053,13.22420522147702,7.318271119842829,39.56203116844381,1.8775769482645712,49.55289836701215,11.736634106330623,18.633957199313993,119.47373573931846,13.525558123928118,6.02
2023-04-19,11.780803380120739,6.661003059851292,106.6813018276409,64.42979257666543,3.6537782021306184,13.028801696074819,7.584177835894083,39.18087744042758,1.9224092840797646,49.35435750872244,11.632395516294261,18.350530769801797,120.04974983297453,13.399164130354094,6.03
2023-04-20,11.578200054379023,6.4197456270203315,103.6222470620223,62.762454306516425,3.5346364158182535,12.688438415757833,7.301535445932702,39.29602205005959,1.898814113034956,49.70512514898689,11.688021454112038,18.310488676996425,119.7287127532777,13.438701579261023,6.2
2023-04-21,11.447857003262225,6.351568724725266,94.33394969858236,57.42720125077045,3.3449089733760276,12.004089057261835,7.1638381201044385,39.473792486583186,1.737545691906005,49.801542188431725,11.844066785927252,18.373583780560526,118.76159287418008,13.461475104353012,6.02
2023-04-22,11.447857003262225,6.351568724725266,94.33394969858236,57.42720125077045,3.3449089733760276,12.004089057261835,7.1638381201044385,39.473792486583186,1.737545691906005,49.801542188431725,11.844066785927252,18.373583780560526,118.76159287418008,13.461475104353012,6.02
2023-04-23,11.447857003262225,6.351568724725266,94.33394969858236,57.42720125077045,3.3449089733760276,12.004089057261835,7.1638381201044385,39.473792486583186,1.737545691906005,49.801542188431725,11.844066785927252,18.373583780560526,118.76159287418008,13.461475104353012,6.02
2023-04-24,11.125865574336236,6.1143495907512015,93.25320909575146,55.141680358308385,3.225975857696953,11.621015357145536,7.436399217221135,39.795485697258634,1.7778310502283103,50.35026072705602,12.038140643623361,18.45202622169249,117.9494629022646,13.5419629022646,5.95
2023-04-25,11.22029046014374,6.173023588703665,89.9114305311186,53.231145438821464,3.1498822055885247,11.4066740226046,7.126586397657013,39.92811845647622,1.7388154897494303,50.069630571343104,11.95034400239306,18.44899790607239,118.6314066706551,13.5427924020341,6.02
2023-04-26,11.207160628497567,6.2685385115396395,90.18028585731042,55.06451588801805,3.141740696188818,11.43130384106752,7.161458333333334,39.90915756396828,1.7489225260416668,50.218715397276675,12.015561873410146,18.330091276372887,117.41888897201855,13.556279365554392,6
2023-04-27,11.033391312137477,6.2706689460050615,89.730286584501,55.39090902304471,3.1950551296311502,11.331994595280575,7.0498209052425915,39.819782024484915,1.7463106479973949,49.88332561958793,11.846819946252612,17.900865930128397,117.15593236787099,13.61461481039116,6
2023-04-28,11.119663420940537,6.277229350530948,92.14075939529357,57.69072688821301,3.179715581727284,11.313958615123639,7.1196358907672295,39.82631080783623,1.8323927178153445,49.6732614278377,11.842394893242352,17.24264436128843,115.44512803580601,13.716044464010567,5
2023-04-29,11.119663420940537,6.277229350530948,92.14075939529357,57.69072688821301,3.179715581727284,11.313958615123639,7.1196358907672295,39.82631080783623,1.8323927178153445,49.6732614278377,11.842394893242352,17.24264436128843,115.44512803580601,13.716044464010567,5
2023-04-30,11.119663420940537,6.277229350530948,92.14075939529357,57.69072688821301,3.179715581727284,11.313958615123639,7.1196358907672295,39.82631080783623,1.8323927178153445,49.6732614278377,11.842394893242352,17.24264436128843,115.44512803580601,13.716044464010567,5
2023-05-01,11.079012419215536,6.254281204395866,91.80391339309647,57.47982249754296,3.1680912529410015,11.272597313637311,7.108081791626096,39.64794109090909,1.8294190197987668,50.11212145454545,11.76,17.578181818181818,117.75858690909091,14.956317818181818,4.52
2023-05-02,11.149758310182253,6.263825476862575,91.90916335848297,57.42460692819317,3.1952213193508263,11.388096497173457,7.296067598310042,39.653704598711194,1.936561585960351,50.29669815465729,11.70181605155243,17.135325131810195,118.0590370533099,15.276783099004103,4.19
2023-05-03,11.023657427863194,6.485385416120601,86.49676854063851,56.016954864413506,3.1041481004410962,11.195902075173557,7.205595315549773,40.2042460464771,1.9193851659076122,50.99500408345089,11.864280941421042,17.373227411092138,119.69813720394981,15.48888187690252,4.01
2023-05-04,11.108844000090684,6.672863436789166,87.43491502112192,56.82891624536187,3.1777339469647163,11.335555102133352,7.2265625,40.32399955320575,2.0223893229166667,51.14689924789635,11.89962022488644,17.424975798644724,120.05467346786804,15.53501749944151,4.35
2023-05-05,11.153601019757808,6.699748095541595,87.78718625754955,57.05787732556375,3.190536890345686,11.381225530365109,7.518796992481203,40.159521655295165,1.9639228506047728,50.9382757342035,11.851082764758232,17.353900919608424,119.56498145950755,15.471651587066154,4.45
2023-05-06,11.153601019757808,6.699748095541595,87.78718625754955,57.05787732556375,3.190536890345686,11.381225530365109,7.518796992481203,40.159521655295165,1.9639228506047728,50.9382757342035,11.851082764758232,17.353900919608424,119.56498145950755,15.471651587066154,4.45
2023-05-07,11.153601019757808,6.699748095541595,87.78718625754955,57.05787732556375,3.190536890345686,11.381225530365109,7.518796992481203,40.16250018541867,1.9639228506047728,50.94205369724838,11.851961729585403,17.35518801453682,119.57384929170064,15.47279908032337,4.45
2023-05-08,11.192788214296518,6.587107118008289,87.87851287170645,57.02271833499713,3.1763317905436064,11.51042139335088,7.580697750244538,39.800547782959505,1.9142093250733614,48.33128284847139,11.792138574283811,16.862832185950108,114.18688577985047,15.215807979865273,4.54
2023-05-09,11.060512387472293,6.461389990500174,87.30793009333956,55.94342325497233,3.166608863489,11.490266447517229,7.384515289525049,39.76663462249501,1.9162068965517243,49.1277697256526,11.942616283369075,17.17074613621238,115.24615395992015,15.536858685202988,4.61
2023-05-10,11.144491480419378,7.229884534267983,88.76143656971186,60.84330951188796,3.565630357928596,12.107970321817104,7.689801238188335,39.00698176404912,1.9638905180840664,48.87904428730927,11.797543729065874,17.126907331596577,114.0750800148865,15.31435653144771,4.71
2023-05-11,11.03573655465657,7.332116322222472,87.06888132639186,62.72865910917791,3.7712319608152467,11.937226266405233,7.604809879753006,36.9090376040428,1.7873513162170946,48.19614892984542,11.689952437574316,17.18192627824019,111.90015309155767,15.040275713436385,4.63
2023-05-12,10.786168675416771,7.106356986427901,85.51465220565231,61.752305469064254,3.720781252327816,11.627906976744185,7.782101167315175,37.63246463306808,1.7864591439688715,48.114267609784854,11.693191865605659,17.116121426466254,111.09039566755084,14.8533628057766,4.6
2023-05-13,10.786168675416771,7.106356986427901,85.51465220565231,61.752305469064254,3.720781252327816,11.627906976744185,7.782101167315175,37.63246463306808,1.7864591439688715,48.114267609784854,11.693191865605659,17.116121426466254,111.09039566755084,14.8533628057766,4.6
2023-05-14,10.786168675416771,7.106356986427901,85.51465220565231,61.752305469064254,3.720781252327816,11.627906976744185,7.787151200519143,37.657436407874364,1.7876184295911746,48.14619479466195,11.700951117009511,17.127479171274793,111.16411192214112,14.863219051832191,4.6
2023-05-15,10.735220356493162,7.164299777659663,86.98972143825003,64.38137731230209,3.9302584987161158,11.603620329542817,7.532467532467532,38.10861004995592,1.7538928571428571,50.46659197766676,12.048192771084336,17.271525124889802,112.88418086982074,15.020658977372905,4.6
2023-05-16,10.664442425415928,6.866351896811094,86.3879414349335,64.93990080281208,3.9321407825555936,11.50598013077347,7.520259319286872,38.01426895439214,1.8048816855753644,49.92514224959672,11.871242117612553,17.32658747616953,111.20953145622526,15.340505939287285,4.76
2023-05-17,10.713937859160417,6.915359890912632,86.61057458174434,65.03285357868,4.0832840092604386,11.792823909313633,7.5600259571706685,37.55950323189774,1.8446722907203115,49.21157237272133,11.80913646597429,16.907545936524077,110.44058174159345,15.07949887428281,4.79
2023-05-18,10.901081117529388,6.840334749350056,86.38451222344594,65.0318791066358,3.9109033287631205,11.882553025705572,7.463414634146342,37.06028042099192,1.8647544715447155,49.212144607843136,11.793540945790081,16.68829296424452,108.97488610149942,14.889019607843135,4.79
2023-05-19,10.949208050044898,6.655548931867402,87.91059530187668,65.27267376491272,3.8182627659012534,11.892454780751729,7.301535445932702,37.57618322823802,1.8509441359032996,49.55180908893237,11.806914546640574,16.800753787055157,110.00005725882438,14.812075088787418,4.85
2023-05-20,10.949208050044898,6.655548931867402,87.91059530187668,65.27267376491272,3.8182627659012534,11.892454780751729,7.301535445932702,37.57618322823802,1.8509441359032996,49.55180908893237,11.806914546640574,16.800753787055157,110.00005725882438,14.812075088787418,4.85
2023-05-21,10.949208050044898,6.655548931867402,87.91059530187668,65.27267376491272,3.8182627659012534,11.892454780751729,7.296767874632713,37.57073700992826,1.8497355533790403,49.5446271468947,11.80520327559968,16.798318718747733,109.98411406623667,14.8099282556707,4.85
2023-05-22,11.086930054179094,6.513666524624094,89.63900894868205,66.12589030255067,3.934071954708711,12.03049856942838,7.30593607305936,37.58323232323232,1.9052739726027397,49.786227272727274,11.818181818181818,16.803751803751805,110.7925165945166,14.830472582972583,4.93
2023-05-23,11.051021026480035,6.521541537902199,89.52917651336121,67.71496091619706,3.9235290553232747,11.922074774283464,7.124310288867251,37.28002020347788,1.9340473872119444,49.717993361714406,11.559275561007288,16.51634317050292,110.72870192654592,14.80296558193232,4.98
2023-05-24,11.017842383433047,6.695633052010586,87.58161013671831,63.999029398606275,3.814160164395611,11.814038839221396,7.0710347064547525,36.882197605219766,1.9549724294518327,46.620751416075144,11.264071126407114,16.06080160608016,102.1809528930953,14.368802609880262,4.91
2023-05-25,10.92998798076923,6.527944711538462,85.26141826923076,62.95072115384615,3.680889423076923,11.553485576923077,6.941290950373014,36.283322147651006,1.9613071683425236,45.798926888476366,11.109524489504498,16.492931600742537,99.61887262601742,14.018432814508069,4.9
2023-05-26,10.86578712729141,6.452977890616735,86.06489247555575,63.471913678197396,3.6080760453975302,11.402275921476175,6.954397394136808,35.98902154590059,1.9027915309446255,46.61842992249165,11.121382350849748,16.85273412500889,100.7719689966579,14.003857640617223,4.9
2023-05-27,10.86578712729141,6.452977890616735,86.06489247555575,63.471913678197396,3.6080760453975302,11.402275921476175,6.954397394136808,35.98902154590059,1.9027915309446255,46.61842992249165,11.121382350849748,16.85273412500889,100.7719689966579,14.003857640617223,4.9
2023-05-28,10.86578712729141,6.452977890616735,86.06489247555575,63.471913678197396,3.6080760453975302,11.402275921476175,6.954397394136808,35.991580856208216,1.9027915309446255,46.62174512871569,11.122173232826055,16.853932584269664,100.7791352581425,14.004853505902432,4.9
2023-05-29,10.853157831179809,6.445477599323753,85.96485931650767,63.39814032121724,3.6038823813549086,11.38902306484724,7.049608355091384,35.663069419722326,1.9575293733681463,46.08991456034176,11.014595941616234,16.432894268422928,99.41310929156285,13.803264506941973,4.9
2023-05-30,10.900276483732908,6.279589440593871,83.17236677650267,60.59917433624967,3.5639889406506833,11.53656781426353,6.981687377370831,35.27623274443888,2.0508142576847614,46.222578499392036,10.786066804949574,16.55103354552607,100.22409627351406,13.760221729490024,5.16
2023-05-31,10.702715795210269,6.221805080383905,79.09715704380999,60.174392200793235,3.5801871082987677,11.406642647370491,7.066102246825138,34.510694703602695,2.159824161510908,45.32832926654227,10.513851011913305,16.27673317066169,99.99078082388401,13.422920912874982,5.11
2023-06-01,10.88984502912843,6.267372348931957,79.88424780108897,61.75989034002208,3.560141644138141,11.491451852415945,7.010107597000325,35.066605663232224,2.293227910009781,44.83376540096549,10.375387275740328,16.61502990128972,101.53430650623245,13.647329058289504,5
2023-06-02,10.972686968307082,6.600457897195188,80.01715200196023,64.62629310014778,3.828571866122499,11.631201329280152,7.086999022482893,35.06934909974278,2.3872238514174,45.2271048871106,10.481566161760503,16.954844241211774,101.32547799371248,13.759623463846813,5.1
2023-06-03,10.972686968307082,6.600457897195188,80.01715200196023,64.62629310014778,3.828571866122499,11.631201329280152,7.086999022482893,35.06934909974278,2.3872238514174,45.2271048871106,10.481566161760503,16.954844241211774,101.32547799371248,13.759623463846813,5.1
2023-06-04,10.972686968307082,6.600457897195188,80.01715200196023,64.62629310014778,3.828571866122499,11.631201329280152,7.089308996088657,35.07436115478062,2.3880019556714474,45.23356867228812,10.483064170358725,16.95726740031442,101.33995926825783,13.76158996712877,5.1
2023-06-05,11.149873977992256,6.493207106411754,81.9143050347329,68.08262125776112,3.811397307432225,11.756931210426016,7.052117263843648,35.49485597592433,2.590087947882736,46.40523645743766,10.583261679564345,17.22914875322442,102.86380624820866,13.884196044711953,5
2023-06-06,11.164802019051724,6.501900555547007,82.0239762392084,68.1737738723627,3.8165002077530357,11.772672011818841,7.1172638436482085,35.7595223089594,2.606,46.83110649573874,10.556470672491585,17.188283320203396,102.02822817446108,13.873690467664542,5
2023-06-07,11.17945974859588,6.571657815305849,81.916478814045,66.55713903641157,3.740495930921178,11.729645054063347,7.184655396618985,35.44898380075644,2.6803088426527957,45.92522586169985,10.504531506458289,16.977092699636053,101.48663169913652,14.011430100620853,5
2023-06-08,11.151986302954581,6.594016797390157,81.05627665563807,67.32838203651002,3.7558902693906506,11.761258030432737,6.949869791666667,35.620327503059094,2.830071614583334,46.157106456488876,10.55927445476139,17.055351615921687,102.75719642985676,14.289242784135896,5.05
2023-06-09,11.167370775347912,6.2593190854870775,83.25049701789264,68.10698310139165,3.820825049701789,11.998322564612325,6.926336375488918,35.73939074273412,2.7509778357235986,46.88234517402225,10.54897739504844,17.186939361320416,103.34019806243272,14.55880947255113,5
2023-06-10,11.167370775347912,6.2593190854870775,83.25049701789264,68.10698310139165,3.820825049701789,11.998322564612325,6.926336375488918,35.73939074273412,2.7509778357235986,46.88234517402225,10.54897739504844,17.186939361320416,103.34019806243272,14.55880947255113,5
2023-06-11,11.167370775347912,6.2593190854870775,83.25049701789264,68.10698310139165,3.820825049701789,11.998322564612325,6.9308545335942595,35.74195564805512,2.7527723418134378,46.88570977465193,10.54973446246591,17.18817281469786,103.34761446820725,14.559854313190757,5
2023-06-12,11.051787743411735,6.000653767725667,80.70918232336598,68.64561119499402,3.938172252229815,11.79116790934421,6.713263979193758,35.7248287965616,2.509752925877763,47.75389183381089,10.616045845272208,17.310171919770774,103.19077722063038,14.784524355300862,5.06
2023-06-13,11.206447847825745,5.8910742732764465,82.01763379126513,69.95157805081939,3.939212315263166,11.908329521616379,6.865622961513372,35.48951718727714,2.671232876712329,47.20908429610612,10.462130937098845,17.01611752959635,101.45697903294823,14.705030666096135,5
2023-06-14,11.087744628760651,5.900908677160658,80.5882075989893,69.83788195043864,3.825389601217847,11.833205166433872,6.764227642276423,35.93771218502391,2.640650406504065,48.311641801698904,10.443286458705117,17.131843814690555,101.5511285602113,14.94837961310586,5
2023-06-15,11.059508816120905,6.061083123425692,81.31297229219143,70.13539042821158,4.093198992443325,11.73646095717884,6.895989566351483,35.97081830493977,2.7779589175089665,47.937658421840474,10.292964573383706,16.982678736902134,99.66836624135719,15.00117470953026,5
2023-06-16,11.087012692123992,6.036784453126835,81.97812350744223,73.75682172302825,4.110650892206989,11.862164003225882,6.745773732119636,36.363254371122395,2.8836150845253576,49.9122236322617,10.384940778341793,17.029751833051325,102.6837535250987,15.025720530174844,5
2023-06-17,11.087012692123992,6.036784453126835,81.97812350744223,73.75682172302825,4.110650892206989,11.862164003225882,6.745773732119636,36.363254371122395,2.8836150845253576,49.9122236322617,10.384940778341793,17.029751833051325,102.6837535250987,15.025720530174844,5
2023-06-18,11.087012692123992,6.036784453126835,81.97812350744223,73.75682172302825,4.110650892206989,11.862164003225882,6.745773732119636,36.396612800790344,2.8836150845253576,49.95801143179733,10.394467574624231,17.045374356079314,102.77795215581116,15.039504622115587,5
2023-06-19,11.01101881146455,5.938001652042455,80.96566557050014,71.22484921216278,3.9664604211149728,11.74352820161152,6.751054852320675,36.51233185435594,3.1645569620253164,49.340710613423475,10.599337981547995,16.884991900838084,100.50765124304527,15.06563349531657,5
2023-06-20,11.04179275881869,6.223132672222481,80.7765724661297,72.7066747365644,4.128063069354563,11.972934804537765,6.6720516962843295,36.59336915028983,3.45718901453958,48.58263042556199,10.660257316555917,17.071963806022904,101.41185423441254,14.999589990103209,4.88
2023-06-21,11.034033241771033,6.114499433555255,79.69024007945745,72.39629405465804,4.461722302403898,11.988453838633083,6.706528765352295,37.04795601917113,3.2482223658694247,49.36493233718635,10.530025373555118,17.21877643078658,101.7780117000282,14.836551310967016,4.95
2023-06-22,10.934937124111537,6.014215418261346,78.93176445221356,71.30811110512171,4.266165610392811,11.78971037817941,6.691389874234118,36.85786752375629,3.240890035472428,46.92020542202347,10.368921185019564,16.877445500279485,98.14954373951929,14.445115986584685,5
2023-06-23,10.750223485456255,6.173546962507928,77.24574231553855,70.06364560172982,4.813532903935636,11.6823679525676,6.693548387096774,36.74596701231819,3.2419354838709675,45.94432389171132,10.313870137100704,16.754819402881203,97.8640865752662,14.374032987681813,4.84
2023-06-24,10.750223485456255,6.173546962507928,77.24574231553855,70.06364560172982,4.813532903935636,11.6823679525676,6.693548387096774,36.74596701231819,3.2419354838709675,45.94432389171132,10.313870137100704,16.754819402881203,97.8640865752662,14.374032987681813,4.84
2023-06-25,10.750223485456255,6.173546962507928,77.24574231553855,70.06364560172982,4.813532903935636,11.6823679525676,6.7000322893122375,36.79718447278556,3.2450758798837587,46.00836225520942,10.328245870792388,16.77817269496132,98.00049202034984,14.394067879294722,4.84
2023-06-26,10.747498889246373,5.929126258215747,77.67615020453187,69.78596926659618,4.780070781817346,11.628441421151813,6.530151564011609,36.6752560797157,3.563366655917446,46.09905929900356,10.194411539265557,16.76538220333078,101.38482126681068,14.416209323392097,4.87
2023-06-27,10.835103272078062,6.2332625357835445,78.41598177732631,70.79754978914643,4.694185366454274,11.704681872749099,6.560283687943262,36.19734851114042,3.5622179239200515,45.194385368223784,10.127021586728674,16.519747345040606,99.02204067467204,14.288012077462344,4.96
2023-06-28,10.677298139492256,5.903827941221397,75.91727003329973,71.7929917819937,4.704732227415758,11.61671707451196,6.606509829197551,36.56122378348446,3.4321624234611665,45.30352322281443,10.299716204056205,16.761265314598187,100.33224890980827,14.577420917837614,4.77
2023-06-29,10.567851959361393,5.661889211417513,74.08079342041606,68.86490082244799,4.543118045476536,11.338896952104498,6.477017036322726,36.268821660450335,3.471552555448409,45.38610305290786,10.167150158861721,16.739190495924852,99.77206796518855,14.518579914352811,4.68
2023-06-30,10.628276228823218,5.659803996049533,74.14723087442073,70.65258679632304,4.459469725746411,11.48674314366026,6.404494382022472,36.12304281557434,3.6436597110754416,44.984065401136206,10.01801302480255,16.627407510045725,95.53831231813773,14.514341138977414,4.83
2023-07-01,10.628276228823218,5.659803996049533,74.14723087442073,70.65258679632304,4.459469725746411,11.48674314366026,6.404494382022472,36.12304281557434,3.6436597110754416,44.984065401136206,10.01801302480255,16.627407510045725,95.53831231813773,14.514341138977414,4.83
2023-07-02,10.628276228823218,5.659803996049533,74.14723087442073,70.65258679632304,4.459469725746411,11.48674314366026,6.404494382022472,36.14056976502391,3.6436597110754416,45.00589173078256,10.022873778332293,16.635475150758992,95.58466763706937,14.521383517016703,4.83
2023-07-03,10.608209098225577,5.595370405855976,74.65603801785919,69.98045452803433,4.637259034990227,11.573985360058252,6.446945337620578,36.69477467514515,3.617363344051447,45.189383466961566,9.946087918164224,16.67127453690904,96.00497649986175,14.642659662703897,4.93
2023-07-04,11.059537692788904,5.576107691475969,75.53231748287394,71.82520987635252,4.595268803917177,11.661942678848634,6.46510131875201,36.889104250311505,3.4255387584432295,45.27896995708154,9.947390281046657,16.959712031012042,97.25875674927315,14.779177627024781,4.93
2023-07-05,10.812883435582823,5.337423312883436,73.77300613496932,70.24539877300613,4.716257668711656,11.541411042944786,6.43818065342729,37.22779122018665,3.5233824471492636,44.49360525406153,9.865191842378154,17.428275146906326,96.61251296232284,14.936052540615277,4.9
2023-07-06,10.615630178938284,5.445283681714385,72.55286812943432,68.42881036207699,4.505914968038552,11.226601700028256,6.391818472355386,37.11390296383703,3.4995206136145733,44.138266120635805,9.68279308669397,17.54008468105782,95.89088637467898,14.91288956757132,4.93
2023-07-07,10.667221208130195,5.337461586450704,72.93760638338841,68.54748646379691,4.305398307108144,10.99840569329236,6.395906619763352,37.708494616088394,3.5817077070674768,44.26771764374692,9.74734323316208,17.752832711661622,95.53803927088465,14.97642339362376,4.87
2023-07-08,10.667221208130195,5.337461586450704,72.93760638338841,68.54748646379691,4.305398307108144,10.99840569329236,6.395906619763352,37.708494616088394,3.5817077070674768,44.26771764374692,9.74734323316208,17.752832711661622,95.53803927088465,14.97642339362376,4.87
2023-07-09,10.667221208130195,5.337461586450704,72.93760638338841,68.54748646379691,4.305398307108144,10.99840569329236,6.395906619763352,37.71380305483213,3.5817077070674768,44.27394946153305,9.748715421975083,17.75533187865137,95.55148870275217,14.978531709720562,4.87
2023-07-10,10.616936321462369,5.47003023518822,73.0876051115163,68.93315176833538,4.262161392818951,11.109315976950478,6.202168367346939,38.008633500813815,3.6033163265306123,44.384686151015494,9.822376335715802,18.116198428985918,95.4638737527422,15.02370674403793,4.95
2023-07-11,10.643485799654766,5.395279710806816,76.47828341861023,69.27941665957101,4.063876396231819,11.14663240109299,6.242017879948914,38.39578287505343,3.5759897828863347,45.51930474426557,9.858954266989599,18.35019233509047,97.16483829605357,15.126798689271977,4.95
2023-07-12,10.809538751176655,5.530279259491685,81.65986821462191,71.69752117979291,4.157514904298714,11.468465641669281,6.131621187800963,38.82310469314079,3.4991974317817016,45.6173285198556,10.021660649819495,18.48014440433213,97.65342960288808,15.259927797833935,4.89
2023-07-13,10.464428047192518,5.287456102276763,81.6793591918873,70.39419169001302,4.087913822357258,10.96160675531705,6.2055591467356175,38.590263691683575,3.6037491919844857,46.09533468559838,10.055056505360765,18.6105476673428,99.4277021153289,15.194871051869024,4.93
2023-07-14,10.3205678675816,5.27845837502265,83.2735895880439,72.08640915142873,4.073079074457777,10.714482671687767,6.217700258397933,38.270270270270274,3.601421188630491,45.563963963963964,9.888288288288289,18.482882882882883,98.37837837837837,14.872072072072072,4.81
2023-07-15,10.3205678675816,5.27845837502265,83.2735895880439,72.08640915142873,4.073079074457777,10.714482671687767,6.217700258397933,38.270270270270274,3.601421188630491,45.563963963963964,9.888288288288289,18.482882882882883,98.37837837837837,14.872072072072072,4.81
2023-07-16,10.3205678675816,5.27845837502265,83.2735895880439,72.08640915142873,4.073079074457777,10.714482671687767,6.217700258397933,38.27578750090103,3.601421188630491,45.57053268939667,9.889713832624523,18.48554746630145,98.39256108988684,14.874216103222087,4.81
2023-07-17,10.366220365270788,5.357199379609407,84.74978634507644,75.96619504320577,4.075269838255309,10.93596682809483,6.2520141798259745,38.27578750090103,3.5932968095391553,45.57053268939667,9.889713832624523,18.48554746630145,98.39256108988684,14.874216103222087,4.85
2023-07-18,10.274080864919547,5.239781241108969,83.45714917965417,77.37173205197105,4.172857458982708,10.748269212531218,6.161290322580645,37.38654372568794,3.5483870967741935,44.96470249243625,9.868894971906066,18.37271286558133,97.96859242184124,14.83936032272007,4.78
2023-07-19,10.331719166522074,5.126425540640724,83.44243418458286,75.00354906383582,4.1011404325125795,10.61564427338833,6.187720990035358,37.1751735986828,3.4554805528768884,45.02111819027847,9.735843653804853,18.075739136659745,97.8953396807216,14.682511274965997,4.85
2023-07-20,10.293300353024978,5.127081164434495,79.84156927821655,75.69293871768178,3.9294576252612465,10.449852449648931,6.145699614890885,36.8218161050828,3.7869062901155326,44.474585950885206,9.680182752712735,17.80411193603655,96.37350085665334,14.580953740719588,4.72
2023-07-21,10.251507803270533,4.935335447366785,80.20891624696884,76.16738170739289,3.839457812597152,10.461356712056208,6.094447989789407,36.73224737324589,3.446075303126994,44.066003807912,9.703123898173612,17.41061984345251,95.62090120583879,14.533530780621959,4.702
2023-07-22,10.251507803270533,4.935335447366785,80.20891624696884,76.16738170739289,3.839457812597152,10.461356712056208,6.094447989789407,36.73224737324589,3.446075303126994,44.066003807912,9.703123898173612,17.41061984345251,95.62090120583879,14.533530780621959,4.702
2023-07-23,10.251507803270533,4.935335447366785,80.20891624696884,76.16738170739289,3.839457812597152,10.461356712056208,6.094447989789407,36.773738086833745,3.446075303126994,44.115778326861985,9.714084009883516,17.430285915990115,95.7289092834451,14.549947052594423,4.702
2023-07-24,10.094622447067641,4.8170008119417895,79.32046717881455,76.50989944413216,3.7083879832615074,10.094622447067641,5.982769623484365,37.05641170648946,3.414167198468411,44.37296762335642,9.720062208398133,17.446628022055705,96.38767142655168,14.558885904142514,4.66
2023-07-25,10.347879898792879,4.590353989926288,78.17701846324975,77.23701423323072,3.5250158625713817,9.768210623614474,6.044131755676367,36.973955006741896,3.4857691077710267,43.80100773543396,9.807678660137677,17.394081328507557,95.9122844368746,14.342488112979916,4.45
2023-07-26,10.185542036007266,4.357367017720483,76.7651662327652,75.97863789021638,3.3034190387050595,8.958557821631102,5.959628324255046,37.669376693766935,3.460429349567446,44.16631008415347,9.927257167308515,17.722150905719584,97.8818998716303,14.516474112109542,4.43
2023-07-27,10.629516571143782,4.539932718664341,86.67144281086469,80.51956142536756,3.2472589085472214,9.383565910789931,5.986590038314176,38.37659543955256,3.36845466155811,44.507385630288255,9.981356661408288,17.843826186720207,99.06066255557148,14.638606051914527,4.54
2023-07-28,10.688929379241015,4.7986303091228955,87.01935159587836,80.6578286001508,3.4399346569489824,9.87214124151797,5.992986930188078,37.76565599319921,3.3312081606630537,43.68092944176821,9.88948710682913,17.405780674412014,97.4780391045622,14.341881552847832,4.66
2023-07-29,10.688929379241015,4.7986303091228955,87.01935159587836,80.6578286001508,3.4399346569489824,9.87214124151797,5.992986930188078,37.76565599319921,3.3312081606630537,43.68092944176821,9.88948710682913,17.405780674412014,97.4780391045622,14.341881552847832,4.66
2023-07-30,10.688929379241015,4.7986303091228955,87.01935159587836,80.6578286001508,3.4399346569489824,9.87214124151797,5.992986930188078,37.7683315621679,3.3312081606630537,43.68402408784981,9.890187743535245,17.40701381509033,97.48494509387176,14.342897626638328,4.66
2023-07-31,10.600181493882404,4.65469224270113,88.16534718528023,80.26410489094721,3.449948368119661,9.833526300966925,6.02543720190779,37.964719938154474,3.3227344992050876,43.783821772436575,10.03584229390681,17.49947290744255,97.82837866329328,14.66020099796191,4.56
2023-08-01,10.702486389229266,4.676521226598005,87.86896434055622,79.02777993206247,3.3891206899226005,9.795101673620698,6.058209427396394,37.777312683131015,3.1192660550458715,42.61894795590903,10.108832147341984,17.214315613227292,95.33277521975722,13.185433235663456,4.625
2023-08-02,10.542759740509592,4.94817117748005,92.03752299014214,78.95526637783097,3.501427505059755,9.673174448044202,5.941845764854614,37.45464694390176,3.0878634639696587,42.31789003628245,9.921853195646108,17.310912643036563,93.74127825844265,13.316355009768351,4.51
2023-08-03,10.475230924235316,4.860753262934449,90.29310649818106,76.98756354742696,3.4571338476092324,9.659978003553272,5.934343434343434,36.82659932659933,3.0839646464646466,42.0314253647587,9.62401795735129,16.915684624017956,93.50448933782268,13.362794612794612,4.525
2023-08-04,10.85822955646893,5.329427642475922,93.01576590393228,79.90307343107786,3.665419299429483,10.00705478191522,6.018957345971565,39.20987654320987,3.1595576619273302,42.645502645502646,9.700176366843033,17.05114638447972,94.70899470899471,13.488536155202821,4.5
2023-08-05,10.85822955646893,5.329427642475922,93.01576590393228,79.90307343107786,3.665419299429483,10.00705478191522,6.018957345971565,39.20987654320987,3.1595576619273302,42.645502645502646,9.700176366843033,17.05114638447972,94.70899470899471,13.488536155202821,4.5
